,Primary Typing,Secondary Typing,Secondary Typing Flag,Generation,Legendary Status,Form,Alt Form Flag,Evolution Stage,Number of Evolution,Color ID,Catch Rate,Height (in),Weight (lbs),Health,Attack,Defense,Special Attack,Special Defense,Speed
0,grass,poison,True,generation-i,0,Base,False,1,3,green,45,28,15,45,49,49,65,65,45
1,grass,poison,True,generation-i,0,Base,False,2,3,green,45,39,29,60,62,63,80,80,60
2,grass,poison,True,generation-i,0,Base,False,3,3,green,45,79,220,80,82,83,100,100,80
4,fire,,False,generation-i,0,Base,False,1,3,red,45,24,19,39,52,43,60,50,65
5,fire,,False,generation-i,0,Base,False,2,3,red,45,43,42,58,64,58,80,65,80
6,fire,flying,True,generation-i,0,Base,False,3,3,red,45,67,200,78,84,78,109,85,100
9,water,,False,generation-i,0,Base,False,1,3,blue,45,20,20,44,48,65,50,64,43
10,water,,False,generation-i,0,Base,False,2,3,blue,45,39,50,59,63,80,65,80,58
11,water,,False,generation-i,0,Base,False,3,3,blue,45,63,188,79,83,100,85,105,78
13,bug,,False,generation-i,0,Base,False,1,3,green,255,12,6,45,30,35,20,20,45
14,bug,,False,generation-i,0,Base,False,2,3,green,120,28,22,50,20,55,25,25,30
15,bug,flying,True,generation-i,0,Base,False,3,3,white,45,43,71,60,45,50,90,80,70
16,bug,poison,True,generation-i,0,Base,False,1,3,brown,255,12,7,40,35,30,20,20,50
17,bug,poison,True,generation-i,0,Base,False,2,3,yellow,120,24,22,45,25,50,25,25,35
18,bug,poison,True,generation-i,0,Base,False,3,3,yellow,45,39,65,65,90,40,45,80,75
20,normal,flying,True,generation-i,0,Base,False,1,3,brown,255,12,4,40,45,40,35,35,56
21,normal,flying,True,generation-i,0,Base,False,2,3,brown,120,43,66,63,60,55,50,50,71
22,normal,flying,True,generation-i,0,Base,False,3,3,brown,45,59,87,83,80,75,70,70,101
24,normal,,False,generation-i,0,Base,False,1,2,purple,255,12,8,30,56,35,25,35,72
25,dark,normal,True,generation-i,0,Alolan,True,1,2,purple,255,12,8,30,56,35,25,35,72
26,normal,,False,generation-i,0,Base,False,2,2,brown,127,28,41,55,81,60,50,70,97
27,dark,normal,True,generation-i,0,Alolan,True,2,2,brown,127,28,56,75,71,70,40,80,77
28,dark,normal,True,generation-i,0,Alolan,True,2,2,brown,127,55,231,75,71,70,40,80,77
29,normal,flying,True,generation-i,0,Base,False,1,2,brown,255,12,4,40,60,30,31,31,70
30,normal,flying,True,generation-i,0,Base,False,2,2,brown,90,47,84,65,90,65,61,61,100
31,poison,,False,generation-i,0,Base,False,1,2,purple,255,79,15,35,60,44,40,54,55
32,poison,,False,generation-i,0,Base,False,2,2,purple,90,138,143,60,95,69,65,79,80
33,electric,,False,generation-i,0,Base,False,2,3,yellow,190,16,13,35,55,40,50,50,90
34,electric,,False,generation-i,0,Starter,True,2,3,yellow,190,16,13,45,80,50,75,60,120
35,electric,,False,generation-i,0,Base,False,3,3,yellow,75,31,66,60,90,55,90,80,110
36,electric,psychic,True,generation-i,0,Alolan,True,3,3,yellow,75,28,46,60,85,50,95,85,110
37,ground,,False,generation-i,0,Base,False,1,2,yellow,255,24,26,50,75,85,20,30,40
38,ice,steel,True,generation-i,0,Alolan,True,1,2,yellow,255,28,88,50,75,90,10,35,40
39,ground,,False,generation-i,0,Base,False,2,2,yellow,90,39,65,75,100,110,45,55,65
40,ice,steel,True,generation-i,0,Alolan,True,2,2,yellow,90,47,121,75,100,120,25,65,65
41,poison,,False,generation-i,0,Base,False,1,3,blue,235,16,15,55,47,52,40,40,41
42,poison,,False,generation-i,0,Base,False,2,3,blue,120,31,44,70,62,67,55,55,56
43,poison,ground,True,generation-i,0,Base,False,3,3,blue,45,51,132,90,92,87,75,85,76
44,poison,,False,generation-i,0,Base,False,1,3,purple,235,20,20,46,57,40,40,40,50
45,poison,,False,generation-i,0,Base,False,2,3,purple,120,35,43,61,72,57,55,55,65
46,poison,ground,True,generation-i,0,Base,False,3,3,purple,45,55,137,81,102,77,85,75,85
47,fairy,,False,generation-i,0,Base,False,2,3,pink,150,24,17,70,45,48,60,65,35
48,fairy,,False,generation-i,0,Base,False,3,3,pink,25,51,88,95,70,73,95,90,60
49,fire,,False,generation-i,0,Base,False,1,2,brown,190,24,22,38,41,40,50,65,65
50,ice,,False,generation-i,0,Alolan,True,1,2,brown,190,24,22,38,41,40,50,65,65
51,fire,,False,generation-i,0,Base,False,2,2,yellow,75,43,44,73,76,75,81,100,100
52,ice,fairy,True,generation-i,0,Alolan,True,2,2,yellow,75,43,44,73,67,75,81,100,109
53,normal,fairy,True,generation-i,0,Base,False,2,3,pink,170,20,12,115,45,20,45,25,20
54,normal,fairy,True,generation-i,0,Base,False,3,3,pink,50,39,26,140,70,45,85,50,45
55,poison,flying,True,generation-i,0,Base,False,1,3,purple,255,31,17,40,45,35,30,40,55
56,poison,flying,True,generation-i,0,Base,False,2,3,purple,90,63,121,75,80,70,65,75,90
57,grass,poison,True,generation-i,0,Base,False,1,3,blue,255,20,12,45,50,55,75,65,30
58,grass,poison,True,generation-i,0,Base,False,2,3,blue,120,31,19,60,65,70,85,75,40
59,grass,poison,True,generation-i,0,Base,False,3,3,red,45,47,41,75,80,85,110,90,50
60,bug,grass,True,generation-i,0,Base,False,1,2,red,190,12,12,35,70,55,45,55,25
61,bug,grass,True,generation-i,0,Base,False,2,2,red,75,39,65,60,95,80,60,80,30
62,bug,poison,True,generation-i,0,Base,False,1,2,purple,190,39,66,60,55,50,40,55,45
63,bug,poison,True,generation-i,0,Base,False,2,2,purple,75,59,28,70,65,60,90,75,90
64,ground,,False,generation-i,0,Base,False,1,2,brown,255,8,2,10,55,25,35,45,95
65,ground,steel,True,generation-i,0,Alolan,True,1,2,brown,255,8,2,10,55,30,35,45,90
66,ground,,False,generation-i,0,Base,False,2,2,brown,50,28,73,35,100,50,50,70,120
67,ground,steel,True,generation-i,0,Alolan,True,2,2,brown,50,28,147,35,100,60,50,70,110
68,normal,,False,generation-i,0,Base,False,1,2,yellow,255,16,9,40,45,35,40,40,90
69,dark,,False,generation-i,0,Alolan,True,1,2,yellow,255,16,9,40,35,35,50,40,90
70,steel,,False,generation-i,0,Galarian,True,1,2,yellow,255,16,17,50,65,55,40,40,40
71,normal,,False,generation-i,0,Base,False,2,2,yellow,90,39,71,65,70,60,65,65,115
72,dark,,False,generation-i,0,Alolan,True,2,2,yellow,90,43,73,65,60,60,75,65,115
73,water,,False,generation-i,0,Base,False,1,2,yellow,190,31,43,50,52,48,65,50,55
74,water,,False,generation-i,0,Base,False,2,2,blue,75,67,169,80,82,78,95,80,85
75,fighting,,False,generation-i,0,Base,False,1,3,brown,190,20,62,40,80,35,35,45,70
76,fighting,,False,generation-i,0,Base,False,2,3,brown,75,39,71,65,105,60,60,70,95
77,fire,,False,generation-i,0,Base,False,1,2,brown,190,28,42,55,70,45,70,50,60
78,fire,rock,True,generation-i,0,Hisuian,True,1,2,brown,190,31,50,60,75,45,65,50,55
79,fire,,False,generation-i,0,Base,False,2,2,brown,75,75,342,90,110,80,100,80,95
80,fire,rock,True,generation-i,0,Hisuian,True,2,2,brown,75,79,370,95,115,80,95,80,90
81,water,,False,generation-i,0,Base,False,1,3,blue,255,24,27,40,50,40,40,40,90
82,water,,False,generation-i,0,Base,False,2,3,blue,120,39,44,65,65,65,50,50,90
83,water,fighting,True,generation-i,0,Base,False,3,3,blue,45,51,119,90,95,95,70,90,70
84,psychic,,False,generation-i,0,Base,False,1,3,brown,200,35,43,25,20,15,105,55,90
85,psychic,,False,generation-i,0,Base,False,2,3,brown,100,51,125,40,35,30,120,70,105
86,psychic,,False,generation-i,0,Base,False,3,3,brown,50,59,106,55,50,45,135,95,120
88,fighting,,False,generation-i,0,Base,False,1,3,gray,180,31,43,70,80,50,35,35,35
89,fighting,,False,generation-i,0,Base,False,2,3,gray,90,59,155,80,100,70,50,60,45
90,fighting,,False,generation-i,0,Base,False,3,3,gray,45,63,287,90,130,80,65,85,55
91,grass,poison,True,generation-i,0,Base,False,1,3,green,255,28,9,50,75,35,70,30,40
92,grass,poison,True,generation-i,0,Base,False,2,3,green,120,39,14,65,90,50,85,45,55
93,grass,poison,True,generation-i,0,Base,False,3,3,green,45,67,34,80,105,65,100,70,70
94,water,poison,True,generation-i,0,Base,False,1,2,blue,190,35,100,40,40,35,50,100,70
95,water,poison,True,generation-i,0,Base,False,2,2,blue,60,63,121,80,70,65,80,120,100
96,rock,ground,True,generation-i,0,Base,False,1,3,brown,255,16,44,40,80,100,30,30,20
97,rock,electric,True,generation-i,0,Alolan,True,1,3,brown,255,16,45,40,80,100,30,30,20
98,rock,ground,True,generation-i,0,Base,False,2,3,brown,120,39,231,55,95,115,45,45,35
99,rock,electric,True,generation-i,0,Alolan,True,2,3,brown,120,39,243,55,95,115,45,45,35
100,rock,ground,True,generation-i,0,Base,False,3,3,brown,45,55,661,80,120,130,55,65,45
101,rock,electric,True,generation-i,0,Alolan,True,3,3,brown,45,67,697,80,120,130,55,65,45
102,fire,,False,generation-i,0,Base,False,1,2,yellow,190,39,66,50,85,55,65,65,90
103,psychic,,False,generation-i,0,Galarian,True,1,2,yellow,190,31,53,50,85,55,65,65,90
104,fire,,False,generation-i,0,Base,False,2,2,yellow,60,67,209,65,100,70,80,80,105
105,psychic,fairy,True,generation-i,0,Galarian,True,2,2,yellow,60,67,176,65,100,70,80,80,105
106,water,psychic,True,generation-i,0,Base,False,1,2,pink,190,47,79,90,65,65,40,40,15
107,psychic,,False,generation-i,0,Galarian,True,1,2,pink,190,47,79,90,65,65,40,40,15
108,water,psychic,True,generation-i,0,Base,False,2,2,pink,75,63,173,95,75,110,100,80,30
110,poison,psychic,True,generation-i,0,Galarian,True,2,2,pink,75,63,155,95,100,95,100,70,30
111,electric,steel,True,generation-i,0,Base,False,1,3,gray,190,12,13,25,35,70,95,55,45
112,electric,steel,True,generation-i,0,Base,False,2,3,gray,60,39,132,50,60,95,120,70,70
113,normal,flying,True,generation-i,0,Base,False,1,2,brown,45,31,33,52,90,55,58,62,60
114,fighting,,False,generation-i,0,Galarian,True,1,2,brown,45,31,93,52,95,55,58,62,55
115,normal,flying,True,generation-i,0,Base,False,1,2,brown,190,55,86,35,85,45,35,35,75
116,normal,flying,True,generation-i,0,Base,False,2,2,brown,45,71,188,60,110,70,60,60,110
117,water,,False,generation-i,0,Base,False,1,2,white,190,43,198,65,45,55,45,70,45
118,water,ice,True,generation-i,0,Base,False,2,2,white,75,67,265,90,70,80,70,95,70
119,poison,,False,generation-i,0,Base,False,1,2,purple,190,35,66,80,80,50,40,50,25
120,poison,dark,True,generation-i,0,Alolan,True,1,2,purple,190,28,93,80,80,50,40,50,25
121,poison,,False,generation-i,0,Base,False,2,2,purple,75,47,66,105,105,75,65,100,50
122,poison,dark,True,generation-i,0,Alolan,True,2,2,purple,75,39,115,105,105,75,65,100,50
123,water,,False,generation-i,0,Base,False,1,2,purple,190,12,9,30,65,100,45,25,40
124,water,ice,True,generation-i,0,Base,False,2,2,purple,60,59,292,50,95,180,85,45,70
125,ghost,poison,True,generation-i,0,Base,False,1,3,purple,190,51,0,30,35,30,100,35,80
126,ghost,poison,True,generation-i,0,Base,False,2,3,purple,90,63,0,45,50,45,115,55,95
127,ghost,poison,True,generation-i,0,Base,False,3,3,purple,45,59,89,60,65,60,130,75,110
129,rock,ground,True,generation-i,0,Base,False,1,2,gray,45,346,463,35,45,160,30,45,70
130,psychic,,False,generation-i,0,Base,False,1,2,yellow,190,39,71,60,48,45,43,90,42
131,psychic,,False,generation-i,0,Base,False,2,2,yellow,75,63,167,85,73,70,73,115,67
132,water,,False,generation-i,0,Base,False,1,2,red,225,16,14,30,105,90,25,25,50
133,water,,False,generation-i,0,Base,False,2,2,red,60,51,132,55,130,115,50,50,75
134,electric,,False,generation-i,0,Base,False,1,2,red,190,20,23,40,30,50,55,55,100
135,electric,grass,True,generation-i,0,Hisuian,True,1,2,red,190,20,29,40,30,50,55,55,100
136,electric,,False,generation-i,0,Base,False,2,2,red,60,47,147,60,50,70,80,80,150
137,electric,grass,True,generation-i,0,Hisuian,True,2,2,red,60,47,157,60,50,70,80,80,150
138,grass,psychic,True,generation-i,0,Base,False,1,2,pink,90,16,6,60,40,80,60,45,40
139,grass,psychic,True,generation-i,0,Base,False,2,2,yellow,45,79,265,95,95,85,125,75,55
140,grass,dragon,True,generation-i,0,Alolan,True,2,2,yellow,45,429,916,95,105,85,125,75,45
141,ground,,False,generation-i,0,Base,False,1,2,brown,190,16,14,50,50,95,40,50,35
142,ground,,False,generation-i,0,Base,False,2,2,brown,75,39,99,60,80,110,50,80,45
143,fire,ghost,True,generation-i,0,Alolan,True,2,2,brown,75,39,75,60,80,110,50,80,45
144,fire,ghost,True,generation-i,0,Totem,True,2,2,brown,75,67,216,60,80,110,50,80,45
145,fighting,,False,generation-i,0,Base,False,2,2,brown,45,59,110,50,120,53,35,110,87
146,fighting,,False,generation-i,0,Base,False,2,2,brown,45,55,111,50,105,79,35,110,76
147,normal,,False,generation-i,0,Base,False,1,2,pink,45,47,144,90,55,75,60,75,30
148,poison,,False,generation-i,0,Base,False,1,2,purple,190,24,2,40,65,95,60,45,35
149,poison,,False,generation-i,0,Base,False,2,2,purple,60,47,21,65,90,120,85,70,60
150,poison,fairy,True,generation-i,0,Galarian,True,2,2,purple,60,118,35,65,90,120,85,70,60
151,ground,rock,True,generation-i,0,Base,False,1,3,gray,120,39,254,80,85,95,30,30,25
152,ground,rock,True,generation-i,0,Base,False,2,3,gray,60,75,265,105,130,120,45,45,40
153,normal,,False,generation-i,0,Base,False,2,3,pink,30,43,76,250,5,5,35,105,50
154,grass,,False,generation-i,0,Base,False,1,2,blue,45,39,77,65,55,115,100,40,60
155,normal,,False,generation-i,0,Base,False,1,1,brown,45,87,176,105,95,80,40,80,90
157,water,,False,generation-i,0,Base,False,1,3,blue,225,16,18,30,40,70,70,25,60
158,water,,False,generation-i,0,Base,False,2,3,blue,75,47,55,55,65,95,95,45,85
159,water,,False,generation-i,0,Base,False,1,2,red,225,24,33,45,67,60,35,50,63
160,water,,False,generation-i,0,Base,False,2,2,red,60,51,86,80,92,65,65,80,68
161,water,,False,generation-i,0,Base,False,1,2,brown,225,31,76,30,45,55,70,55,85
162,water,psychic,True,generation-i,0,Base,False,2,2,purple,60,43,176,60,75,85,100,85,115
163,psychic,fairy,True,generation-i,0,Base,False,2,3,pink,45,51,120,40,45,65,100,120,90
164,ice,psychic,True,generation-i,0,Galarian,True,2,3,pink,45,55,125,50,65,65,90,90,100
165,bug,flying,True,generation-i,0,Base,False,1,2,green,45,59,123,70,110,80,55,80,105
166,ice,psychic,True,generation-i,0,Base,False,2,2,red,45,55,90,65,50,35,115,95,95
167,electric,,False,generation-i,0,Base,False,2,3,yellow,45,43,66,65,83,57,95,85,105
168,fire,,False,generation-i,0,Base,False,2,3,red,45,51,98,65,95,57,100,85,93
169,bug,,False,generation-i,0,Base,False,1,1,brown,45,59,121,65,125,100,55,70,85
171,normal,,False,generation-i,0,Base,False,1,1,brown,45,55,195,75,100,95,40,70,110
172,fighting,,False,generation-i,0,Paldean,True,1,1,brown,45,55,254,75,110,105,30,70,100
173,fighting,fire,True,generation-i,0,Paldean,True,1,1,brown,45,55,187,75,110,105,30,70,100
174,fighting,water,True,generation-i,0,Paldean,True,1,1,brown,45,55,243,75,110,105,30,70,100
175,water,,False,generation-i,0,Base,False,1,2,red,255,35,22,20,10,55,15,20,80
176,water,flying,True,generation-i,0,Base,False,2,2,blue,45,256,518,95,125,79,60,100,81
178,water,ice,True,generation-i,0,Base,False,1,1,blue,45,98,485,130,85,80,85,95,60
179,normal,,False,generation-i,0,Base,False,1,1,purple,35,12,9,48,48,48,48,48,48
180,normal,,False,generation-i,0,Base,False,1,2,brown,45,12,14,55,55,50,45,65,55
181,normal,,False,generation-i,0,Starter,True,1,2,brown,45,12,14,65,75,70,65,85,75
182,water,,False,generation-i,0,Base,False,2,2,blue,45,39,64,130,65,60,110,95,65
183,electric,,False,generation-i,0,Base,False,2,2,yellow,45,31,54,65,65,60,110,95,130
184,fire,,False,generation-i,0,Base,False,2,2,red,45,35,55,65,130,60,95,110,65
185,normal,,False,generation-i,0,Base,False,1,3,pink,45,31,80,65,60,70,85,75,40
186,rock,water,True,generation-i,0,Base,False,1,2,blue,45,16,17,35,40,100,90,55,35
187,rock,water,True,generation-i,0,Base,False,2,2,blue,45,39,77,70,60,125,115,70,55
188,rock,water,True,generation-i,0,Base,False,1,2,brown,45,20,25,30,80,90,55,45,55
189,rock,water,True,generation-i,0,Base,False,2,2,brown,45,51,89,60,115,105,65,70,80
190,rock,flying,True,generation-i,0,Base,False,1,1,purple,45,71,130,80,105,65,60,75,130
192,normal,,False,generation-i,0,Base,False,2,2,black,25,83,1014,160,110,65,65,110,30
193,ice,flying,True,generation-i,1,Base,False,1,1,blue,3,67,122,90,85,100,95,125,85
194,psychic,flying,True,generation-i,1,Galarian,True,1,1,blue,3,67,112,90,85,85,125,100,95
195,electric,flying,True,generation-i,1,Base,False,1,1,yellow,3,63,116,90,90,85,125,90,100
196,fighting,flying,True,generation-i,1,Galarian,True,1,1,yellow,3,63,128,90,125,90,85,90,100
197,fire,flying,True,generation-i,1,Base,False,1,1,yellow,3,79,132,90,100,90,125,85,90
198,dark,flying,True,generation-i,1,Galarian,True,1,1,yellow,3,79,146,90,85,90,100,125,90
199,dragon,,False,generation-i,0,Base,False,1,3,blue,45,71,7,41,64,45,50,50,50
200,dragon,,False,generation-i,0,Base,False,2,3,blue,45,157,36,61,84,65,70,70,70
201,dragon,flying,True,generation-i,0,Base,False,3,3,brown,45,87,463,91,134,95,100,100,80
202,psychic,,False,generation-i,1,Base,False,1,1,purple,3,79,269,106,110,90,154,90,130
205,psychic,,False,generation-i,1,Base,False,1,1,pink,45,16,9,100,100,100,100,100,100
206,grass,,False,generation-ii,0,Base,False,1,3,green,45,35,14,45,49,65,49,65,45
207,grass,,False,generation-ii,0,Base,False,2,3,green,45,47,35,60,62,80,63,80,60
208,grass,,False,generation-ii,1,Base,False,3,3,green,45,71,222,80,82,100,83,100,80
209,fire,,False,generation-ii,0,Base,False,1,3,yellow,45,20,17,39,52,43,60,50,65
210,fire,,False,generation-ii,0,Base,False,2,3,yellow,45,35,42,58,64,58,80,65,80
211,fire,,False,generation-ii,0,Base,False,3,3,yellow,45,67,175,78,84,78,109,85,100
212,fire,ghost,True,generation-ii,0,Hisuian,True,3,3,yellow,45,63,154,73,84,78,119,85,95
213,water,,False,generation-ii,0,Base,False,1,3,blue,45,24,21,50,65,64,44,48,43
214,water,,False,generation-ii,0,Base,False,2,3,blue,45,43,55,65,80,80,59,63,58
215,water,,False,generation-ii,0,Base,False,3,3,blue,45,91,196,85,105,100,79,83,78
216,normal,,False,generation-ii,0,Base,False,1,2,brown,255,31,13,35,46,34,35,45,20
217,normal,,False,generation-ii,0,Base,False,2,2,brown,90,71,72,85,76,64,45,55,90
218,normal,flying,True,generation-ii,0,Base,False,1,2,brown,255,28,47,60,30,30,36,56,50
219,normal,flying,True,generation-ii,0,Base,False,2,2,brown,90,63,90,100,50,50,86,96,70
220,bug,flying,True,generation-ii,0,Base,False,1,2,red,255,39,24,40,20,30,40,80,55
221,bug,flying,True,generation-ii,0,Base,False,2,2,red,90,55,78,55,35,50,55,110,85
222,bug,poison,True,generation-ii,0,Base,False,1,2,green,255,20,19,40,60,40,40,40,30
223,bug,poison,True,generation-ii,0,Base,False,2,2,red,90,43,74,70,90,70,60,70,40
224,poison,flying,True,generation-ii,0,Base,False,3,3,purple,90,71,165,85,90,80,70,80,130
225,water,electric,True,generation-ii,0,Base,False,1,2,blue,190,20,26,75,38,38,56,56,67
226,water,electric,True,generation-ii,0,Base,False,2,2,blue,75,47,50,125,58,58,76,76,67
227,electric,,False,generation-ii,0,Base,False,1,3,yellow,190,12,4,20,40,15,35,35,60
228,fairy,,False,generation-ii,0,Base,False,1,3,pink,150,12,7,50,25,28,45,55,15
229,normal,fairy,True,generation-ii,0,Base,False,1,3,pink,170,12,2,90,30,15,40,20,15
230,fairy,,False,generation-ii,0,Base,False,1,3,white,190,12,3,35,20,65,40,65,20
231,fairy,flying,True,generation-ii,0,Base,False,2,3,white,75,24,7,55,40,85,80,105,40
232,psychic,flying,True,generation-ii,0,Base,False,1,2,green,190,8,4,40,50,45,70,45,70
233,psychic,flying,True,generation-ii,0,Base,False,2,2,green,75,59,33,65,75,70,95,70,95
234,electric,,False,generation-ii,0,Base,False,1,3,white,235,24,17,55,40,40,65,45,35
235,electric,,False,generation-ii,0,Base,False,2,3,pink,120,31,29,70,55,55,80,60,45
236,electric,,False,generation-ii,0,Base,False,3,3,yellow,45,55,136,90,75,85,115,90,55
238,grass,,False,generation-ii,0,Base,False,3,3,green,45,16,13,75,80,95,90,100,50
239,water,fairy,True,generation-ii,0,Base,False,2,3,blue,190,16,19,70,20,50,20,50,40
240,water,fairy,True,generation-ii,0,Base,False,3,3,blue,75,31,63,100,50,80,60,80,50
241,rock,,False,generation-ii,0,Base,False,2,2,brown,65,47,84,70,100,115,30,65,30
242,water,,False,generation-ii,0,Base,False,3,3,green,45,43,75,90,75,75,90,100,70
243,grass,flying,True,generation-ii,0,Base,False,1,3,pink,255,16,1,35,35,40,35,55,50
244,grass,flying,True,generation-ii,0,Base,False,2,3,green,120,24,2,55,45,50,45,65,80
245,grass,flying,True,generation-ii,0,Base,False,3,3,blue,45,31,7,75,55,70,55,95,110
246,normal,,False,generation-ii,0,Base,False,1,2,purple,45,31,25,55,70,55,40,55,85
247,grass,,False,generation-ii,0,Base,False,1,2,yellow,235,12,4,30,30,30,30,30,30
248,grass,,False,generation-ii,0,Base,False,2,2,yellow,120,31,19,75,75,55,105,85,30
249,bug,flying,True,generation-ii,0,Base,False,1,2,red,75,47,84,65,65,45,75,45,95
250,water,ground,True,generation-ii,0,Base,False,1,2,blue,255,16,19,55,45,45,25,25,15
251,poison,ground,True,generation-ii,0,Paldean,True,1,2,blue,255,16,24,55,45,45,25,25,15
252,water,ground,True,generation-ii,0,Base,False,2,2,blue,90,55,165,95,85,85,65,65,35
253,psychic,,False,generation-ii,0,Base,False,2,2,purple,45,35,58,65,65,60,130,95,110
254,dark,,False,generation-ii,0,Base,False,2,2,black,45,39,60,95,65,110,60,130,65
255,dark,flying,True,generation-ii,0,Base,False,1,2,black,30,20,5,60,85,42,85,42,91
256,water,psychic,True,generation-ii,0,Base,False,2,2,pink,70,79,175,95,75,80,100,110,30
257,poison,psychic,True,generation-ii,0,Galarian,True,2,2,pink,70,71,175,95,65,80,110,110,30
258,ghost,,False,generation-ii,0,Base,False,1,2,gray,45,28,2,60,60,60,85,85,85
259,psychic,,False,generation-ii,0,Base,False,1,1,black,225,20,11,48,72,48,72,48,48
260,psychic,,False,generation-ii,0,Base,False,2,2,blue,45,51,63,190,33,58,33,58,33
261,normal,psychic,True,generation-ii,0,Base,False,1,2,yellow,60,59,91,70,80,65,90,65,85
262,bug,,False,generation-ii,0,Base,False,1,2,gray,190,24,16,50,65,90,35,35,15
263,bug,steel,True,generation-ii,0,Base,False,2,2,purple,75,47,277,75,90,140,60,60,40
264,normal,,False,generation-ii,0,Base,False,1,2,yellow,190,59,31,100,70,70,65,65,45
265,ground,flying,True,generation-ii,0,Base,False,1,2,purple,60,43,143,65,75,105,35,65,85
266,steel,ground,True,generation-ii,0,Base,False,2,2,gray,25,362,882,75,85,200,55,65,30
268,fairy,,False,generation-ii,0,Base,False,1,2,pink,190,24,17,60,80,50,40,40,30
269,fairy,,False,generation-ii,0,Base,False,2,2,purple,75,55,107,90,120,75,60,60,45
270,water,poison,True,generation-ii,0,Base,False,1,2,gray,45,20,9,65,95,85,55,55,85
271,dark,poison,True,generation-ii,0,Hisuian,True,1,2,gray,45,20,9,65,95,85,55,55,85
272,bug,steel,True,generation-ii,0,Base,False,2,2,red,25,71,260,70,130,100,55,80,65
274,bug,rock,True,generation-ii,0,Base,False,1,1,yellow,190,24,45,20,10,230,10,230,5
275,bug,fighting,True,generation-ii,0,Base,False,1,1,blue,45,59,119,80,125,75,40,95,85
277,dark,ice,True,generation-ii,0,Base,False,1,2,black,60,35,62,55,95,55,35,75,115
278,fighting,poison,True,generation-ii,0,Hisuian,True,1,2,black,60,35,60,55,95,55,35,75,115
279,normal,,False,generation-ii,0,Base,False,1,3,brown,120,24,19,60,80,50,50,50,40
280,normal,,False,generation-ii,0,Base,False,2,3,brown,60,71,277,90,130,75,75,75,55
281,fire,,False,generation-ii,0,Base,False,1,2,red,190,28,77,40,40,40,70,40,20
282,fire,rock,True,generation-ii,0,Base,False,2,2,red,75,31,121,60,50,120,90,80,30
283,ice,ground,True,generation-ii,0,Base,False,1,3,brown,225,16,14,50,50,40,30,30,50
284,ice,ground,True,generation-ii,0,Base,False,2,3,brown,75,43,123,100,100,80,60,60,50
285,water,rock,True,generation-ii,0,Base,False,1,2,pink,60,24,11,65,55,95,65,95,35
286,ghost,,False,generation-ii,0,Galarian,True,1,2,pink,60,24,1,60,55,100,65,100,30
287,water,,False,generation-ii,0,Base,False,1,2,gray,190,24,26,35,65,35,65,35,65
288,water,,False,generation-ii,0,Base,False,2,2,red,75,35,63,75,105,75,105,75,45
289,ice,flying,True,generation-ii,0,Base,False,1,1,red,45,35,35,45,55,45,65,45,75
290,water,flying,True,generation-ii,0,Base,False,2,2,purple,25,83,485,85,40,70,80,140,70
291,steel,flying,True,generation-ii,0,Base,False,1,1,gray,25,67,111,65,80,140,40,70,70
292,dark,fire,True,generation-ii,0,Base,False,1,2,black,120,24,24,45,60,30,80,50,65
293,dark,fire,True,generation-ii,0,Base,False,2,2,black,45,55,77,75,90,50,110,80,95
295,water,dragon,True,generation-ii,0,Base,False,3,3,blue,45,71,335,75,95,95,95,95,85
296,ground,,False,generation-ii,0,Base,False,1,2,blue,120,20,74,90,60,60,40,40,40
297,ground,,False,generation-ii,0,Base,False,2,2,gray,60,43,265,90,120,120,60,60,50
298,normal,,False,generation-ii,0,Base,False,2,3,red,45,24,72,85,80,90,105,95,60
299,normal,,False,generation-ii,0,Base,False,1,2,brown,45,55,157,73,95,62,85,65,85
300,normal,,False,generation-ii,0,Base,False,1,1,white,45,47,128,55,20,35,20,45,75
301,fighting,,False,generation-ii,0,Base,False,1,2,purple,75,28,46,35,35,35,35,35,35
302,fighting,,False,generation-ii,0,Base,False,2,2,brown,45,55,106,50,95,95,35,110,70
303,ice,psychic,True,generation-ii,0,Base,False,1,2,pink,45,16,13,45,30,15,85,65,65
304,electric,,False,generation-ii,0,Base,False,1,3,yellow,45,24,52,45,63,37,65,55,95
305,fire,,False,generation-ii,0,Base,False,1,3,red,45,28,47,45,75,37,70,55,83
306,normal,,False,generation-ii,0,Base,False,1,1,pink,45,47,166,95,80,105,40,70,100
307,normal,,False,generation-ii,0,Base,False,3,3,pink,30,59,103,255,10,10,75,135,55
308,electric,,False,generation-ii,1,Base,False,1,1,yellow,3,75,392,90,85,75,115,100,115
309,fire,,False,generation-ii,1,Base,False,1,1,brown,3,83,437,115,115,85,90,75,100
310,water,,False,generation-ii,1,Base,False,1,1,blue,3,79,412,100,75,115,90,115,85
311,rock,ground,True,generation-ii,0,Base,False,1,3,green,45,24,159,50,64,50,45,50,41
312,rock,ground,True,generation-ii,0,Base,False,2,3,gray,45,47,335,70,84,70,65,70,51
313,rock,dark,True,generation-ii,0,Base,False,3,3,green,45,79,445,100,134,110,95,100,61
315,psychic,flying,True,generation-ii,1,Base,False,1,1,white,3,205,476,106,90,130,90,154,110
316,fire,flying,True,generation-ii,1,Base,False,1,1,red,3,150,439,106,130,90,110,154,90
317,psychic,grass,True,generation-ii,1,Base,False,1,1,green,45,24,11,100,100,100,100,100,100
318,grass,,False,generation-iii,0,Base,False,1,3,green,45,20,11,40,45,35,65,55,70
319,grass,,False,generation-iii,0,Base,False,2,3,green,45,35,48,50,65,45,85,65,95
320,grass,,False,generation-iii,0,Base,False,3,3,green,45,67,115,70,85,65,105,85,120
322,fire,,False,generation-iii,0,Base,False,1,3,red,45,16,6,45,60,40,70,50,45
323,fire,fighting,True,generation-iii,0,Base,False,2,3,red,45,35,43,60,85,60,85,60,55
324,fire,fighting,True,generation-iii,0,Base,False,3,3,red,45,75,115,80,120,70,110,70,80
326,water,,False,generation-iii,0,Base,False,1,3,blue,45,16,17,50,70,50,50,50,40
327,water,ground,True,generation-iii,0,Base,False,2,3,blue,45,28,62,70,85,70,60,70,50
328,water,ground,True,generation-iii,0,Base,False,3,3,blue,45,59,181,100,110,90,85,90,60
330,dark,,False,generation-iii,0,Base,False,1,2,gray,255,20,30,35,55,35,30,30,35
331,dark,,False,generation-iii,0,Base,False,2,2,gray,127,39,82,70,90,70,60,60,70
332,normal,,False,generation-iii,0,Base,False,1,3,brown,255,16,39,38,30,41,30,41,60
333,dark,normal,True,generation-iii,0,Galarian,True,1,3,brown,255,16,39,38,30,41,30,41,60
334,normal,,False,generation-iii,0,Base,False,2,3,white,90,20,72,78,70,61,50,61,100
335,dark,normal,True,generation-iii,0,Galarian,True,2,3,white,90,20,72,78,70,61,50,61,100
336,bug,,False,generation-iii,0,Base,False,1,3,red,255,12,8,45,45,35,20,30,20
337,bug,,False,generation-iii,0,Base,False,2,3,white,120,24,22,50,35,55,25,25,15
338,bug,flying,True,generation-iii,0,Base,False,3,3,yellow,45,39,63,60,70,50,100,50,65
339,bug,,False,generation-iii,0,Base,False,2,3,purple,120,28,25,50,35,55,25,25,15
340,bug,poison,True,generation-iii,0,Base,False,3,3,green,45,47,70,60,50,70,50,90,65
341,water,grass,True,generation-iii,0,Base,False,1,3,green,255,20,6,40,30,30,40,50,30
342,water,grass,True,generation-iii,0,Base,False,2,3,green,120,47,72,60,50,50,60,70,50
343,water,grass,True,generation-iii,0,Base,False,3,3,green,45,59,121,80,70,70,90,100,70
344,grass,,False,generation-iii,0,Base,False,1,3,brown,255,20,9,40,40,50,30,30,30
345,grass,dark,True,generation-iii,0,Base,False,2,3,brown,120,39,62,70,70,40,60,40,60
346,grass,dark,True,generation-iii,0,Base,False,3,3,brown,45,51,131,90,100,60,90,60,80
347,normal,flying,True,generation-iii,0,Base,False,1,2,blue,200,12,5,40,55,30,30,30,85
348,normal,flying,True,generation-iii,0,Base,False,2,2,blue,45,28,44,60,85,60,75,50,125
349,water,flying,True,generation-iii,0,Base,False,1,2,white,190,24,21,40,30,30,55,30,85
350,water,flying,True,generation-iii,0,Base,False,2,2,yellow,45,47,62,60,50,100,95,70,65
351,psychic,fairy,True,generation-iii,0,Base,False,1,3,white,235,16,15,28,25,25,45,35,40
352,psychic,fairy,True,generation-iii,0,Base,False,2,3,white,120,31,45,38,35,35,65,55,50
353,psychic,fairy,True,generation-iii,0,Base,False,3,3,white,45,63,107,68,65,65,125,115,80
355,bug,water,True,generation-iii,0,Base,False,1,2,blue,200,20,4,40,30,32,50,52,65
356,bug,flying,True,generation-iii,0,Base,False,2,2,blue,75,31,8,70,60,62,100,82,80
357,grass,,False,generation-iii,0,Base,False,1,2,brown,255,16,10,60,40,60,40,60,35
358,grass,fighting,True,generation-iii,0,Base,False,2,2,green,90,47,86,60,130,80,60,60,70
359,normal,,False,generation-iii,0,Base,False,1,3,brown,255,31,53,60,60,60,35,35,30
360,normal,,False,generation-iii,0,Base,False,2,3,white,120,55,103,80,80,80,55,55,90
361,normal,,False,generation-iii,0,Base,False,3,3,brown,45,79,288,150,160,100,95,65,100
362,bug,ground,True,generation-iii,0,Base,False,1,2,gray,255,20,12,31,45,90,30,30,40
363,bug,flying,True,generation-iii,0,Base,False,2,2,yellow,120,31,26,61,90,45,50,50,160
364,bug,ghost,True,generation-iii,0,Base,False,2,2,brown,45,31,3,1,90,45,30,30,40
365,normal,,False,generation-iii,0,Base,False,1,3,pink,190,24,36,64,51,23,51,23,28
366,normal,,False,generation-iii,0,Base,False,2,3,blue,120,39,89,84,71,43,71,43,48
367,normal,,False,generation-iii,0,Base,False,3,3,blue,45,59,185,104,91,63,91,73,68
368,fighting,,False,generation-iii,0,Base,False,1,2,yellow,180,39,190,72,60,30,20,30,25
369,fighting,,False,generation-iii,0,Base,False,2,2,brown,200,91,560,144,120,60,40,60,50
370,normal,fairy,True,generation-iii,0,Base,False,1,3,blue,150,8,4,50,20,40,20,40,20
371,rock,,False,generation-iii,0,Base,False,1,2,gray,255,39,214,30,45,135,45,90,30
372,normal,,False,generation-iii,0,Base,False,1,2,pink,255,24,24,50,45,45,35,35,50
373,normal,,False,generation-iii,0,Base,False,2,2,purple,60,43,72,70,65,65,55,55,90
374,dark,ghost,True,generation-iii,0,Base,False,1,1,purple,45,20,24,50,75,75,65,65,50
376,steel,fairy,True,generation-iii,0,Base,False,1,1,black,45,24,25,50,85,85,55,55,50
378,steel,rock,True,generation-iii,0,Base,False,1,3,gray,180,16,132,50,70,100,40,40,30
379,steel,rock,True,generation-iii,0,Base,False,2,3,gray,90,35,265,60,90,140,50,50,40
380,steel,rock,True,generation-iii,0,Base,False,3,3,gray,45,83,794,70,110,180,60,60,50
382,fighting,psychic,True,generation-iii,0,Base,False,1,2,blue,180,24,25,30,40,55,40,55,60
383,fighting,psychic,True,generation-iii,0,Base,False,2,2,red,90,51,69,60,60,75,60,75,80
385,electric,,False,generation-iii,0,Base,False,1,2,green,120,24,34,40,45,40,65,40,65
386,electric,,False,generation-iii,0,Base,False,2,2,yellow,45,59,89,70,75,60,105,60,105
388,electric,,False,generation-iii,0,Base,False,1,1,yellow,200,16,9,60,50,40,85,75,95
389,electric,,False,generation-iii,0,Base,False,1,1,yellow,200,16,9,60,40,50,75,85,95
390,bug,,False,generation-iii,0,Base,False,1,1,gray,150,28,39,65,73,75,47,85,85
391,bug,,False,generation-iii,0,Base,False,1,1,purple,150,24,39,65,47,75,73,85,85
392,grass,poison,True,generation-iii,0,Base,False,2,3,green,150,12,4,50,60,45,100,80,65
393,poison,,False,generation-iii,0,Base,False,1,2,green,225,16,23,70,43,53,43,53,40
394,poison,,False,generation-iii,0,Base,False,2,2,purple,75,67,176,100,73,83,73,83,55
395,water,dark,True,generation-iii,0,Base,False,1,2,red,225,31,46,45,90,20,65,20,65
396,water,dark,True,generation-iii,0,Base,False,2,2,blue,60,71,196,70,120,40,95,40,95
398,water,,False,generation-iii,0,Base,False,1,2,blue,125,79,287,130,70,35,70,35,60
399,water,,False,generation-iii,0,Base,False,2,2,blue,60,571,877,170,90,45,90,45,60
400,fire,ground,True,generation-iii,0,Base,False,1,2,yellow,255,28,53,60,60,40,65,45,35
401,fire,ground,True,generation-iii,0,Base,False,2,2,red,150,75,485,70,100,70,105,75,40
403,fire,,False,generation-iii,0,Base,False,1,1,brown,90,20,177,70,85,140,85,70,20
404,psychic,,False,generation-iii,0,Base,False,1,2,black,255,28,67,60,25,35,70,80,60
405,psychic,,False,generation-iii,0,Base,False,2,2,purple,60,35,158,80,45,65,90,110,80
406,normal,,False,generation-iii,0,Base,False,1,1,brown,255,43,11,60,60,60,60,60,60
407,ground,,False,generation-iii,0,Base,False,1,3,brown,255,28,33,45,100,45,45,45,10
408,ground,dragon,True,generation-iii,0,Base,False,2,3,green,120,43,34,50,70,50,50,50,70
409,ground,dragon,True,generation-iii,0,Base,False,3,3,green,45,79,181,80,100,80,80,80,100
410,grass,,False,generation-iii,0,Base,False,1,2,green,190,16,113,50,85,40,85,40,35
411,grass,dark,True,generation-iii,0,Base,False,2,2,green,60,51,171,70,115,60,115,60,55
412,normal,flying,True,generation-iii,0,Base,False,1,2,blue,255,16,3,45,40,60,40,75,50
413,dragon,flying,True,generation-iii,0,Base,False,2,2,blue,45,43,45,75,70,90,70,105,80
415,normal,,False,generation-iii,0,Base,False,1,1,white,90,51,89,73,115,60,60,60,90
416,poison,,False,generation-iii,0,Base,False,1,1,black,90,106,116,73,100,60,100,60,65
417,rock,psychic,True,generation-iii,0,Base,False,1,1,yellow,45,39,370,90,55,65,95,85,70
418,rock,psychic,True,generation-iii,0,Base,False,1,1,red,45,47,340,90,95,85,55,65,70
419,water,ground,True,generation-iii,0,Base,False,1,2,gray,190,16,4,50,48,43,46,41,60
420,water,ground,True,generation-iii,0,Base,False,2,2,blue,75,35,52,110,78,73,76,71,60
421,water,,False,generation-iii,0,Base,False,1,2,red,205,24,25,43,80,65,50,35,35
422,water,dark,True,generation-iii,0,Base,False,2,2,red,155,43,72,63,120,85,90,55,55
423,ground,psychic,True,generation-iii,0,Base,False,1,2,brown,255,20,47,40,40,55,40,70,55
424,ground,psychic,True,generation-iii,0,Base,False,2,2,black,90,59,238,60,70,105,70,120,75
425,rock,grass,True,generation-iii,0,Base,False,1,2,purple,45,39,52,66,41,77,61,87,23
426,rock,grass,True,generation-iii,0,Base,False,2,2,green,45,59,133,86,81,97,81,107,43
427,rock,bug,True,generation-iii,0,Base,False,1,2,gray,45,28,28,45,95,50,40,50,75
428,rock,bug,True,generation-iii,0,Base,False,2,2,gray,45,59,150,75,125,100,70,80,45
429,water,,False,generation-iii,0,Base,False,1,2,brown,255,24,16,20,15,20,10,55,80
430,water,,False,generation-iii,0,Base,False,2,2,pink,60,244,357,95,60,79,100,125,81
431,normal,,False,generation-iii,0,Base,False,1,1,gray,45,12,2,70,70,70,70,70,70
432,fire,,False,generation-iii,0,Sunny,True,1,1,gray,45,12,2,70,70,70,70,70,70
433,water,,False,generation-iii,0,Rainy,True,1,1,gray,45,12,2,70,70,70,70,70,70
434,ice,,False,generation-iii,0,Snowy,True,1,1,gray,45,12,2,70,70,70,70,70,70
435,normal,,False,generation-iii,0,Base,False,1,1,green,200,39,49,60,90,70,60,120,40
436,ghost,,False,generation-iii,0,Base,False,1,2,black,225,24,5,44,75,35,63,33,45
437,ghost,,False,generation-iii,0,Base,False,2,2,black,45,43,28,64,115,65,83,63,65
439,ghost,,False,generation-iii,0,Base,False,1,3,black,190,31,33,20,40,90,30,90,25
440,ghost,,False,generation-iii,0,Base,False,2,3,black,90,63,67,40,70,130,60,130,25
441,grass,flying,True,generation-iii,0,Base,False,1,1,green,200,79,220,99,68,83,72,87,51
442,psychic,,False,generation-iii,0,Base,False,2,2,blue,45,24,2,75,50,80,95,90,65
443,dark,,False,generation-iii,0,Base,False,1,1,white,30,47,104,65,130,60,75,60,75
445,psychic,,False,generation-iii,0,Base,False,1,2,blue,125,24,31,95,23,48,23,48,23
446,ice,,False,generation-iii,0,Base,False,1,2,gray,190,28,37,50,50,50,50,50,50
447,ice,,False,generation-iii,0,Base,False,2,2,gray,75,59,565,80,80,80,80,80,80
449,ice,water,True,generation-iii,0,Base,False,1,3,blue,255,31,87,70,40,50,55,50,25
450,ice,water,True,generation-iii,0,Base,False,2,3,blue,120,43,193,90,60,70,75,70,45
451,ice,water,True,generation-iii,0,Base,False,3,3,blue,45,55,332,110,80,90,95,90,65
452,water,,False,generation-iii,0,Base,False,1,2,blue,255,16,116,35,64,85,74,55,32
453,water,,False,generation-iii,0,Base,False,2,2,blue,60,67,60,55,104,105,94,75,52
454,water,,False,generation-iii,0,Base,False,2,2,pink,60,71,50,55,84,105,114,75,52
455,water,rock,True,generation-iii,0,Base,False,1,1,gray,25,39,52,100,90,130,45,65,55
456,water,,False,generation-iii,0,Base,False,1,1,pink,225,24,19,43,30,55,40,65,97
457,dragon,,False,generation-iii,0,Base,False,1,3,blue,45,24,93,45,75,60,40,30,50
458,dragon,,False,generation-iii,0,Base,False,2,3,white,45,43,244,65,95,100,60,50,50
459,dragon,flying,True,generation-iii,0,Base,False,3,3,blue,45,59,226,95,135,80,110,80,100
461,steel,psychic,True,generation-iii,0,Base,False,1,3,blue,3,24,210,40,55,80,35,60,30
462,steel,psychic,True,generation-iii,0,Base,False,2,3,blue,3,47,446,60,75,100,55,80,50
463,steel,psychic,True,generation-iii,0,Base,False,3,3,blue,3,63,1213,80,135,130,95,90,70
465,rock,,False,generation-iii,1,Base,False,1,1,brown,3,67,507,80,100,200,50,100,50
466,ice,,False,generation-iii,1,Base,False,1,1,blue,3,71,386,80,50,100,100,200,50
467,steel,,False,generation-iii,1,Base,False,1,1,gray,3,75,452,80,75,150,75,150,50
468,dragon,psychic,True,generation-iii,1,Base,False,1,1,red,3,55,88,80,80,90,110,130,110
470,dragon,psychic,True,generation-iii,1,Base,False,1,1,blue,3,79,132,80,90,80,130,110,110
472,water,,False,generation-iii,1,Base,False,1,1,blue,3,177,776,100,100,90,150,140,90
473,water,,False,generation-iii,1,Primal,True,1,1,blue,3,386,948,100,150,90,180,160,90
474,ground,,False,generation-iii,1,Base,False,1,1,red,3,138,2094,100,150,140,100,90,90
475,ground,fire,True,generation-iii,1,Primal,True,1,1,red,3,197,2204,100,180,160,150,90,90
476,dragon,flying,True,generation-iii,1,Base,False,1,1,green,45,276,455,105,150,90,150,90,95
478,steel,psychic,True,generation-iii,1,Base,False,1,1,yellow,3,12,2,100,100,100,100,100,100
479,psychic,,False,generation-iii,1,Base,False,1,1,red,3,67,134,50,150,50,150,50,150
480,grass,,False,generation-iv,0,Base,False,1,3,green,45,16,22,55,68,64,45,55,31
481,grass,,False,generation-iv,0,Base,False,2,3,green,45,43,214,75,89,85,55,65,36
482,grass,ground,True,generation-iv,0,Base,False,3,3,green,45,87,683,95,109,105,75,85,56
483,fire,,False,generation-iv,0,Base,False,1,3,brown,45,20,14,44,58,44,58,44,61
484,fire,fighting,True,generation-iv,0,Base,False,2,3,brown,45,35,49,64,78,52,78,52,81
485,fire,fighting,True,generation-iv,0,Base,False,3,3,brown,45,47,121,76,104,71,104,71,108
486,water,,False,generation-iv,0,Base,False,1,3,blue,45,16,11,53,51,53,61,56,40
487,water,,False,generation-iv,0,Base,False,2,3,blue,45,31,51,64,66,68,81,76,50
488,water,steel,True,generation-iv,0,Base,False,3,3,blue,45,67,186,84,86,88,111,101,60
489,normal,flying,True,generation-iv,0,Base,False,1,3,brown,255,12,4,40,55,30,30,30,60
490,normal,flying,True,generation-iv,0,Base,False,2,3,brown,120,24,34,55,75,50,40,40,80
491,normal,flying,True,generation-iv,0,Base,False,3,3,brown,45,47,55,85,120,70,50,60,100
492,normal,,False,generation-iv,0,Base,False,1,2,brown,255,20,44,59,45,40,35,40,31
493,normal,water,True,generation-iv,0,Base,False,2,2,brown,127,39,69,79,85,60,55,60,71
494,bug,,False,generation-iv,0,Base,False,1,2,red,255,12,5,37,25,41,25,41,25
495,bug,,False,generation-iv,0,Base,False,2,2,red,45,39,56,77,85,51,55,51,65
496,electric,,False,generation-iv,0,Base,False,1,3,blue,235,20,21,45,65,34,40,34,45
497,electric,,False,generation-iv,0,Base,False,2,3,blue,120,35,67,60,85,49,60,49,60
498,electric,,False,generation-iv,0,Base,False,3,3,blue,45,55,93,80,120,79,95,79,70
499,grass,poison,True,generation-iv,0,Base,False,1,3,green,255,8,3,40,30,35,50,70,55
500,grass,poison,True,generation-iv,0,Base,False,3,3,green,75,35,32,60,70,65,125,105,90
501,rock,,False,generation-iv,0,Base,False,1,2,blue,45,35,69,67,125,40,30,30,58
502,rock,,False,generation-iv,0,Base,False,2,2,blue,45,63,226,97,165,60,65,50,58
503,rock,steel,True,generation-iv,0,Base,False,1,2,gray,45,20,126,30,42,118,42,88,30
504,rock,steel,True,generation-iv,0,Base,False,2,2,gray,45,51,330,60,52,168,47,138,30
505,bug,,False,generation-iv,0,Base,False,1,2,green,120,8,7,40,29,45,29,45,36
506,bug,grass,True,generation-iv,0,Base,False,2,2,green,45,20,14,60,59,85,79,105,36
507,bug,ground,True,generation-iv,0,Sandy,True,2,2,green,45,20,14,60,79,105,59,85,36
508,bug,steel,True,generation-iv,0,Trash,True,2,2,green,45,20,14,60,69,95,69,95,36
509,bug,flying,True,generation-iv,0,Base,False,2,2,yellow,45,35,51,70,94,50,94,50,66
510,bug,flying,True,generation-iv,0,Base,False,1,2,yellow,120,12,12,30,30,42,30,42,70
511,bug,flying,True,generation-iv,0,Base,False,2,2,yellow,45,47,85,70,80,102,80,102,40
512,electric,,False,generation-iv,0,Base,False,1,1,white,200,16,9,60,45,70,45,90,95
513,water,,False,generation-iv,0,Base,False,1,2,brown,190,28,65,55,65,35,60,30,85
514,water,,False,generation-iv,0,Base,False,2,2,brown,75,43,74,85,105,55,85,50,115
515,grass,,False,generation-iv,0,Base,False,1,2,pink,190,16,7,45,35,45,62,53,35
516,grass,,False,generation-iv,0,Base,False,2,2,purple,75,20,21,70,60,70,87,78,85
517,water,,False,generation-iv,0,Base,False,1,2,purple,190,12,14,76,48,48,57,62,34
518,water,ground,True,generation-iv,0,Base,False,2,2,purple,75,35,66,111,83,68,92,82,39
519,normal,,False,generation-iv,0,Base,False,2,2,purple,45,47,45,75,100,66,60,66,115
520,ghost,flying,True,generation-iv,0,Base,False,1,2,purple,125,16,3,90,50,34,60,44,70
521,ghost,flying,True,generation-iv,0,Base,False,2,2,purple,60,47,33,150,80,44,90,54,80
522,normal,,False,generation-iv,0,Base,False,1,2,brown,190,16,12,55,66,44,44,56,85
523,normal,,False,generation-iv,0,Base,False,2,2,brown,60,47,73,65,76,84,54,96,105
525,ghost,,False,generation-iv,0,Base,False,2,2,purple,45,35,10,60,60,60,105,105,105
526,dark,flying,True,generation-iv,0,Base,False,2,2,black,30,35,60,100,125,52,105,52,71
527,normal,,False,generation-iv,0,Base,False,1,2,gray,190,20,9,49,55,42,42,37,85
528,normal,,False,generation-iv,0,Base,False,2,2,gray,75,39,97,71,82,64,64,59,112
529,psychic,,False,generation-iv,0,Base,False,1,2,yellow,120,8,1,45,30,50,65,50,45
530,poison,dark,True,generation-iv,0,Base,False,1,2,purple,225,16,42,63,63,47,41,41,74
531,poison,dark,True,generation-iv,0,Base,False,2,2,purple,60,39,84,103,93,67,71,61,84
532,steel,psychic,True,generation-iv,0,Base,False,1,2,green,255,20,133,57,24,86,24,86,23
533,steel,psychic,True,generation-iv,0,Base,False,2,2,green,90,51,412,67,89,116,79,116,33
534,rock,,False,generation-iv,0,Base,False,1,2,brown,255,20,33,50,80,95,10,45,10
535,psychic,fairy,True,generation-iv,0,Base,False,1,3,pink,145,24,29,20,25,45,70,90,60
536,normal,,False,generation-iv,0,Base,False,1,3,pink,130,24,54,100,5,5,15,65,30
537,normal,flying,True,generation-iv,0,Base,False,1,1,black,30,20,4,76,65,45,92,42,91
538,ghost,dark,True,generation-iv,0,Base,False,1,1,purple,100,39,238,50,92,108,92,108,35
539,dragon,ground,True,generation-iv,0,Base,False,1,3,blue,45,28,45,58,70,45,40,45,42
540,dragon,ground,True,generation-iv,0,Base,False,2,3,blue,45,55,123,68,90,65,50,55,82
541,dragon,ground,True,generation-iv,0,Base,False,3,3,blue,45,75,209,108,130,95,80,85,102
543,normal,,False,generation-iv,0,Base,False,1,2,black,50,24,231,135,85,40,40,85,5
544,fighting,,False,generation-iv,0,Base,False,1,2,blue,75,28,45,40,70,40,35,40,60
545,fighting,steel,True,generation-iv,0,Base,False,2,2,blue,45,47,119,70,110,70,115,70,90
547,ground,,False,generation-iv,0,Base,False,1,2,brown,140,31,109,68,72,78,38,42,32
548,ground,,False,generation-iv,0,Base,False,2,2,brown,60,79,661,108,112,118,68,72,47
549,poison,bug,True,generation-iv,0,Base,False,1,2,purple,120,31,26,40,50,90,30,55,65
550,poison,dark,True,generation-iv,0,Base,False,2,2,purple,45,51,136,70,90,110,60,75,95
551,poison,fighting,True,generation-iv,0,Base,False,1,2,blue,140,28,51,48,61,40,61,40,50
552,poison,fighting,True,generation-iv,0,Base,False,2,2,blue,75,51,98,83,106,65,86,65,85
553,grass,,False,generation-iv,0,Base,False,1,1,green,200,55,60,74,100,72,90,72,46
554,water,,False,generation-iv,0,Base,False,1,2,blue,190,16,15,49,49,56,49,61,66
555,water,,False,generation-iv,0,Base,False,2,2,blue,75,47,53,69,69,76,69,86,91
556,water,flying,True,generation-iv,0,Base,False,1,2,blue,25,39,143,45,20,50,60,120,50
557,grass,ice,True,generation-iv,0,Base,False,1,2,white,120,39,111,60,62,50,62,60,40
558,grass,ice,True,generation-iv,0,Base,False,2,2,white,60,87,299,90,92,75,92,85,60
560,dark,ice,True,generation-iv,0,Base,False,2,2,black,45,43,75,70,120,65,45,85,125
561,electric,steel,True,generation-iv,0,Base,False,3,3,gray,30,47,397,70,70,115,130,90,60
562,normal,,False,generation-iv,0,Base,False,2,2,pink,30,67,309,110,85,95,80,95,50
563,ground,rock,True,generation-iv,0,Base,False,3,3,gray,30,94,623,115,140,130,55,55,40
564,grass,,False,generation-iv,0,Base,False,2,2,blue,30,79,284,100,100,125,110,50,50
565,electric,,False,generation-iv,0,Base,False,3,3,yellow,30,71,306,75,123,67,95,85,95
566,fire,,False,generation-iv,0,Base,False,3,3,red,30,63,150,75,95,67,125,95,83
567,fairy,flying,True,generation-iv,0,Base,False,3,3,white,30,59,84,85,50,95,120,115,80
568,bug,flying,True,generation-iv,1,Base,False,2,2,green,30,75,114,86,76,86,116,56,95
569,grass,,False,generation-iv,0,Base,False,2,2,green,45,39,56,65,110,130,60,65,95
570,ice,,False,generation-iv,0,Base,False,2,2,blue,45,31,57,65,60,110,130,95,65
571,ground,flying,True,generation-iv,0,Base,False,2,2,purple,30,79,94,75,95,125,45,75,95
572,ice,ground,True,generation-iv,0,Base,False,3,3,brown,50,98,642,110,130,80,70,60,80
573,normal,,False,generation-iv,0,Base,False,3,3,red,30,35,75,85,80,70,135,75,90
574,psychic,fighting,True,generation-iv,0,Base,False,3,3,white,45,63,115,68,125,65,65,115,80
576,rock,steel,True,generation-iv,0,Base,False,2,2,gray,60,55,750,60,55,145,75,150,40
577,ghost,,False,generation-iv,0,Base,False,3,3,black,45,87,235,45,100,135,65,135,45
578,ice,ghost,True,generation-iv,0,Base,False,2,2,white,75,51,59,70,80,70,80,70,110
579,electric,ghost,True,generation-iv,0,Base,False,1,1,red,45,12,1,50,50,77,95,77,91
580,electric,fire,True,generation-iv,0,Heat,True,1,1,red,45,12,1,50,65,107,105,107,86
581,electric,water,True,generation-iv,0,Wash,True,1,1,red,45,12,1,50,65,107,105,107,86
582,electric,ice,True,generation-iv,0,Frost,True,1,1,red,45,12,1,50,65,107,105,107,86
583,electric,flying,True,generation-iv,0,Fan,True,1,1,red,45,12,1,50,65,107,105,107,86
584,electric,grass,True,generation-iv,0,Mow,True,1,1,red,45,12,1,50,65,107,105,107,86
585,psychic,,False,generation-iv,1,Base,False,1,1,yellow,3,12,1,75,75,130,75,130,95
586,psychic,,False,generation-iv,1,Base,False,1,1,pink,3,12,1,80,105,105,105,105,80
587,psychic,,False,generation-iv,1,Base,False,1,1,blue,3,12,1,75,125,70,125,70,115
588,steel,dragon,True,generation-iv,1,Base,False,1,1,white,3,213,1506,100,120,120,150,100,90
589,water,dragon,True,generation-iv,1,Base,False,1,1,purple,3,165,741,90,120,100,150,120,100
590,fire,steel,True,generation-iv,1,Base,False,1,1,brown,3,67,948,91,90,106,130,106,77
591,normal,,False,generation-iv,1,Base,False,1,1,white,3,146,926,110,160,110,80,110,100
592,ghost,dragon,True,generation-iv,1,Base,False,1,1,black,3,177,1653,150,100,120,100,120,90
593,psychic,,False,generation-iv,1,Base,False,1,1,yellow,3,59,189,120,70,110,75,120,85
594,water,,False,generation-iv,1,Base,False,1,2,blue,30,16,7,80,80,80,80,80,80
595,water,,False,generation-iv,1,Base,False,2,2,blue,3,12,3,100,100,100,100,100,100
596,dark,,False,generation-iv,1,Base,False,1,1,black,3,59,111,70,90,90,135,90,125
597,grass,,False,generation-iv,1,Base,False,1,1,green,45,8,5,100,100,100,100,100,100
598,grass,flying,True,generation-iv,1,Sky,True,1,1,green,45,16,11,100,103,75,120,75,127
599,normal,,False,generation-iv,1,Base,False,1,1,white,3,126,705,120,120,120,120,120,120
600,psychic,fire,True,generation-v,1,Base,False,1,1,yellow,3,16,9,100,100,100,100,100,100
601,grass,,False,generation-v,0,Base,False,1,3,green,45,24,18,45,45,55,45,55,63
602,grass,,False,generation-v,0,Base,False,2,3,green,45,31,35,60,60,75,60,75,83
603,grass,,False,generation-v,0,Base,False,3,3,green,45,130,139,75,75,95,75,95,113
604,fire,,False,generation-v,0,Base,False,1,3,red,45,20,22,65,63,45,45,45,45
605,fire,fighting,True,generation-v,0,Base,False,2,3,red,45,39,122,90,93,55,70,55,55
606,fire,fighting,True,generation-v,0,Base,False,3,3,red,45,63,331,110,123,65,100,65,65
607,water,,False,generation-v,0,Base,False,1,3,blue,45,20,13,55,55,45,63,45,45
608,water,,False,generation-v,0,Base,False,2,3,blue,45,31,54,75,75,60,83,60,60
609,water,,False,generation-v,0,Base,False,3,3,blue,45,59,209,95,100,85,108,70,70
610,water,dark,True,generation-v,0,Hisuian,True,3,3,blue,45,59,128,90,108,80,100,65,85
611,normal,,False,generation-v,0,Base,False,1,2,brown,255,20,26,45,55,39,35,39,42
612,normal,,False,generation-v,0,Base,False,2,2,brown,255,43,60,60,85,69,60,69,77
613,normal,,False,generation-v,0,Base,False,1,3,brown,255,16,9,45,60,45,25,45,55
614,normal,,False,generation-v,0,Base,False,2,3,gray,120,35,32,65,80,65,35,65,60
615,normal,,False,generation-v,0,Base,False,3,3,gray,45,47,134,85,110,90,45,90,80
616,dark,,False,generation-v,0,Base,False,1,2,purple,255,16,22,41,50,37,50,37,66
617,dark,,False,generation-v,0,Base,False,2,2,purple,90,43,83,64,88,50,88,50,106
618,grass,,False,generation-v,0,Base,False,1,2,green,190,24,23,50,53,48,53,48,64
619,grass,,False,generation-v,0,Base,False,2,2,green,75,43,67,75,98,63,98,63,101
620,fire,,False,generation-v,0,Base,False,1,2,red,190,24,24,50,53,48,53,48,64
621,fire,,False,generation-v,0,Base,False,2,2,red,75,39,62,75,98,63,98,63,101
622,water,,False,generation-v,0,Base,False,1,2,blue,190,24,30,50,53,48,53,48,64
623,water,,False,generation-v,0,Base,False,2,2,blue,75,39,64,75,98,63,98,63,101
624,psychic,,False,generation-v,0,Base,False,1,2,pink,190,24,51,76,25,45,67,55,24
625,psychic,,False,generation-v,0,Base,False,2,2,pink,75,43,133,116,55,85,107,95,29
626,normal,flying,True,generation-v,0,Base,False,1,3,gray,255,12,5,50,55,50,36,30,43
627,normal,flying,True,generation-v,0,Base,False,2,3,gray,120,24,33,62,77,62,50,42,65
628,normal,flying,True,generation-v,0,Base,False,3,3,gray,45,47,64,80,115,80,65,55,93
629,electric,,False,generation-v,0,Base,False,1,2,black,190,31,66,45,60,32,50,32,76
630,electric,,False,generation-v,0,Base,False,2,2,black,75,63,175,75,100,63,80,63,116
631,rock,,False,generation-v,0,Base,False,1,3,blue,255,16,40,55,75,85,25,25,15
632,rock,,False,generation-v,0,Base,False,2,3,blue,120,35,225,70,105,105,50,40,20
633,rock,,False,generation-v,0,Base,False,3,3,blue,45,67,573,85,135,130,60,80,25
634,psychic,flying,True,generation-v,0,Base,False,1,2,blue,190,16,5,65,45,43,55,43,72
635,psychic,flying,True,generation-v,0,Base,False,2,2,blue,45,35,23,67,57,55,77,55,114
636,ground,,False,generation-v,0,Base,False,1,2,gray,120,12,19,60,85,40,30,45,68
637,ground,steel,True,generation-v,0,Base,False,2,2,gray,60,28,89,110,135,60,50,65,88
638,normal,,False,generation-v,0,Base,False,1,1,pink,255,43,68,103,60,86,60,86,50
640,fighting,,False,generation-v,0,Base,False,1,3,gray,180,24,28,75,80,55,25,35,35
641,fighting,,False,generation-v,0,Base,False,2,3,gray,90,47,88,85,105,85,40,50,40
642,fighting,,False,generation-v,0,Base,False,3,3,brown,45,55,192,105,140,95,55,65,45
643,water,,False,generation-v,0,Base,False,1,3,blue,255,20,10,50,50,40,50,40,64
644,water,ground,True,generation-v,0,Base,False,2,3,blue,120,31,37,75,65,55,65,55,69
645,water,ground,True,generation-v,0,Base,False,3,3,blue,45,59,137,105,95,75,85,75,74
646,fighting,,False,generation-v,0,Base,False,1,1,red,45,51,122,120,100,85,30,85,45
647,fighting,,False,generation-v,0,Base,False,1,1,blue,45,55,112,75,125,75,30,75,85
648,bug,grass,True,generation-v,0,Base,False,1,3,yellow,255,12,6,45,53,70,40,60,42
649,bug,grass,True,generation-v,0,Base,False,2,3,green,120,20,16,55,63,90,50,80,42
650,bug,grass,True,generation-v,0,Base,False,3,3,yellow,45,47,45,75,103,80,70,80,92
651,bug,poison,True,generation-v,0,Base,False,1,3,red,255,16,12,30,45,59,30,39,57
652,bug,poison,True,generation-v,0,Base,False,2,3,gray,120,47,129,40,55,99,40,79,47
653,bug,poison,True,generation-v,0,Base,False,3,3,red,45,98,442,60,100,89,55,69,112
654,grass,fairy,True,generation-v,0,Base,False,1,2,green,190,12,1,40,27,60,37,50,66
655,grass,fairy,True,generation-v,0,Base,False,2,2,green,75,28,15,60,67,85,77,75,116
656,grass,,False,generation-v,0,Base,False,1,2,green,190,20,15,45,35,50,70,50,30
657,grass,,False,generation-v,0,Base,False,2,2,green,75,43,36,70,60,75,110,75,90
658,grass,fighting,True,generation-v,0,Hisuian,True,2,2,green,75,47,42,70,105,75,50,75,105
659,water,,False,generation-v,0,Base,False,1,2,green,25,39,40,70,92,65,80,55,98
660,ground,dark,True,generation-v,0,Base,False,1,3,brown,180,28,34,50,72,35,35,35,65
661,ground,dark,True,generation-v,0,Base,False,2,3,brown,90,39,74,60,82,45,45,45,74
662,ground,dark,True,generation-v,0,Base,False,3,3,red,45,59,212,95,117,80,65,70,92
663,fire,,False,generation-v,0,Base,False,1,2,red,120,24,83,70,90,45,15,45,50
664,ice,,False,generation-v,0,Galarian,True,1,2,red,120,28,88,70,90,45,15,45,50
665,fire,,False,generation-v,0,Base,False,2,2,red,60,51,205,105,140,55,30,55,95
666,fire,psychic,True,generation-v,0,Zen,True,2,2,red,60,51,205,105,30,105,140,105,55
667,ice,,False,generation-v,0,Galarian,True,2,2,red,60,67,265,105,140,55,30,55,95
668,ice,fire,True,generation-v,0,Galarian,True,2,2,red,60,67,265,105,160,55,30,55,135
669,grass,,False,generation-v,0,Base,False,1,1,green,255,39,62,75,86,67,106,67,60
670,bug,rock,True,generation-v,0,Base,False,1,2,red,190,12,32,50,65,85,35,35,55
671,bug,rock,True,generation-v,0,Base,False,2,2,red,75,55,441,70,105,125,65,75,45
672,dark,fighting,True,generation-v,0,Base,False,1,2,yellow,180,24,26,50,75,70,35,70,48
673,dark,fighting,True,generation-v,0,Base,False,2,2,red,90,43,66,65,90,115,45,115,58
674,psychic,flying,True,generation-v,0,Base,False,1,1,black,45,55,31,72,58,80,103,80,97
675,ghost,,False,generation-v,0,Base,False,1,2,black,190,20,3,38,30,85,55,65,30
676,ground,ghost,True,generation-v,0,Galarian,True,1,2,black,190,20,3,38,55,85,30,65,30
677,ghost,,False,generation-v,0,Base,False,2,2,yellow,90,67,169,58,50,145,95,105,30
678,water,rock,True,generation-v,0,Base,False,1,2,blue,45,28,36,54,78,103,53,45,22
679,water,rock,True,generation-v,0,Base,False,2,2,blue,45,47,179,74,108,133,83,65,32
680,rock,flying,True,generation-v,0,Base,False,1,2,yellow,45,20,21,55,112,45,74,45,70
681,rock,flying,True,generation-v,0,Base,False,2,2,yellow,45,55,71,75,140,65,112,65,110
682,poison,,False,generation-v,0,Base,False,1,2,green,190,24,68,50,50,62,40,62,65
683,poison,,False,generation-v,0,Base,False,2,2,green,60,75,237,80,95,82,60,82,75
684,dark,,False,generation-v,0,Base,False,1,2,gray,75,28,28,40,65,40,80,40,65
685,normal,ghost,True,generation-v,0,Hisuian,True,1,2,gray,75,28,28,35,60,40,85,40,70
686,dark,,False,generation-v,0,Base,False,2,2,gray,45,63,179,60,105,60,120,60,105
687,normal,ghost,True,generation-v,0,Hisuian,True,2,2,gray,45,63,161,55,100,60,125,60,110
688,normal,,False,generation-v,0,Base,False,1,2,gray,255,16,13,55,50,40,40,40,75
689,normal,,False,generation-v,0,Base,False,2,2,gray,60,20,17,75,95,60,65,60,115
690,psychic,,False,generation-v,0,Base,False,1,3,purple,200,16,13,45,30,50,55,65,45
691,psychic,,False,generation-v,0,Base,False,2,3,purple,100,28,40,60,45,70,75,85,55
692,psychic,,False,generation-v,0,Base,False,3,3,purple,50,59,97,70,55,95,95,110,65
693,psychic,,False,generation-v,0,Base,False,1,3,green,200,12,2,45,30,40,105,50,20
694,psychic,,False,generation-v,0,Base,False,2,3,green,100,24,18,65,40,50,125,60,30
695,psychic,,False,generation-v,0,Base,False,3,3,green,50,39,44,110,65,75,125,85,30
696,water,flying,True,generation-v,0,Base,False,1,2,blue,190,20,12,62,44,50,44,50,55
697,water,flying,True,generation-v,0,Base,False,2,2,white,45,51,53,75,87,63,87,63,98
698,ice,,False,generation-v,0,Base,False,1,3,white,255,16,13,36,50,50,65,60,44
699,ice,,False,generation-v,0,Base,False,2,3,white,120,43,90,51,65,65,80,75,59
700,ice,,False,generation-v,0,Base,False,3,3,white,45,51,127,71,95,85,110,95,79
701,normal,grass,True,generation-v,0,Base,False,1,2,pink,190,24,43,60,60,50,40,50,75
702,normal,grass,True,generation-v,0,Base,False,2,2,brown,75,75,204,80,100,70,60,70,95
703,electric,flying,True,generation-v,0,Base,False,1,1,white,200,16,11,55,75,60,75,60,103
704,bug,,False,generation-v,0,Base,False,1,2,blue,200,20,13,50,75,45,40,45,60
705,bug,steel,True,generation-v,0,Base,False,2,2,gray,75,39,73,70,135,105,60,105,20
706,grass,poison,True,generation-v,0,Base,False,1,2,white,190,8,2,69,55,45,55,55,15
707,grass,poison,True,generation-v,0,Base,False,2,2,white,75,24,23,114,85,70,85,80,30
708,water,ghost,True,generation-v,0,Base,False,1,2,white,190,47,73,55,40,50,65,85,40
709,water,ghost,True,generation-v,0,Base,False,2,2,white,60,87,298,100,60,70,85,105,60
710,water,,False,generation-v,0,Base,False,1,1,pink,75,47,70,165,75,80,40,45,65
711,bug,electric,True,generation-v,0,Base,False,1,2,yellow,190,4,1,50,47,50,57,50,65
712,bug,electric,True,generation-v,0,Base,False,2,2,yellow,75,31,32,70,77,60,97,60,108
713,grass,steel,True,generation-v,0,Base,False,1,2,gray,255,24,41,44,50,91,24,86,10
714,grass,steel,True,generation-v,0,Base,False,2,2,gray,90,39,243,74,94,131,54,116,20
715,steel,,False,generation-v,0,Base,False,1,3,gray,130,12,46,40,55,70,45,60,30
716,steel,,False,generation-v,0,Base,False,2,3,gray,60,24,112,60,80,95,70,85,50
717,steel,,False,generation-v,0,Base,False,3,3,gray,30,24,179,60,100,115,70,85,90
718,electric,,False,generation-v,0,Base,False,1,3,white,190,8,1,35,55,40,45,40,60
719,electric,,False,generation-v,0,Base,False,2,3,blue,60,47,49,65,85,70,75,70,40
720,electric,,False,generation-v,0,Base,False,3,3,blue,30,83,177,85,115,80,105,80,50
721,psychic,,False,generation-v,0,Base,False,1,2,blue,255,20,20,55,55,55,85,55,30
722,psychic,,False,generation-v,0,Base,False,2,2,brown,90,39,76,75,75,75,125,95,40
723,ghost,fire,True,generation-v,0,Base,False,1,3,white,190,12,7,50,30,55,65,55,20
724,ghost,fire,True,generation-v,0,Base,False,2,3,black,90,24,29,60,40,60,95,60,55
725,ghost,fire,True,generation-v,0,Base,False,3,3,black,45,39,76,60,55,90,145,90,80
726,dragon,,False,generation-v,0,Base,False,1,3,green,75,24,40,46,87,60,30,40,57
727,dragon,,False,generation-v,0,Base,False,2,3,green,60,39,79,66,117,70,40,50,67
728,dragon,,False,generation-v,0,Base,False,3,3,yellow,45,71,233,76,147,90,60,70,97
729,ice,,False,generation-v,0,Base,False,1,2,white,120,20,19,55,70,40,60,40,40
730,ice,,False,generation-v,0,Base,False,2,2,white,60,102,573,95,130,80,70,80,50
731,ice,,False,generation-v,0,Base,False,1,1,blue,25,43,326,80,50,50,95,135,105
732,bug,,False,generation-v,0,Base,False,1,2,red,200,16,17,50,40,85,40,65,25
733,bug,,False,generation-v,0,Base,False,2,2,red,75,31,56,80,70,40,100,60,145
734,ground,electric,True,generation-v,0,Base,False,1,1,brown,75,28,24,109,66,84,81,99,32
735,ground,steel,True,generation-v,0,Galarian,True,1,1,brown,75,28,45,109,81,99,66,84,32
736,fighting,,False,generation-v,0,Base,False,1,2,yellow,180,35,44,45,85,50,55,50,65
737,fighting,,False,generation-v,0,Base,False,2,2,purple,45,55,78,65,125,60,95,60,105
738,dragon,,False,generation-v,0,Base,False,1,1,red,45,63,306,77,120,90,60,90,48
739,ground,ghost,True,generation-v,0,Base,False,1,2,green,190,39,203,59,74,50,35,50,35
740,ground,ghost,True,generation-v,0,Base,False,2,2,green,90,110,728,89,124,80,55,80,55
741,dark,steel,True,generation-v,0,Base,False,1,3,red,120,20,22,45,85,70,40,40,60
742,dark,steel,True,generation-v,0,Base,False,2,3,red,45,63,154,65,125,100,60,70,70
743,normal,,False,generation-v,0,Base,False,1,1,brown,45,63,209,95,110,95,40,95,55
744,normal,flying,True,generation-v,0,Base,False,1,2,white,190,20,23,70,83,50,37,50,60
745,normal,flying,True,generation-v,0,Base,False,2,2,red,60,59,90,100,123,75,57,75,80
746,psychic,flying,True,generation-v,0,Hisuian,True,2,2,red,60,67,96,110,83,70,112,70,65
747,dark,flying,True,generation-v,0,Base,False,1,2,brown,190,20,20,70,55,75,45,65,60
748,dark,flying,True,generation-v,0,Base,False,2,2,brown,60,47,87,110,65,105,55,95,80
749,fire,,False,generation-v,0,Base,False,1,1,red,90,55,128,85,97,66,105,66,65
750,bug,steel,True,generation-v,0,Base,False,1,1,gray,90,12,73,58,109,112,48,48,109
751,dark,dragon,True,generation-v,0,Base,False,1,3,blue,45,31,38,52,65,50,45,50,38
752,dark,dragon,True,generation-v,0,Base,False,2,3,blue,45,55,110,72,85,70,65,70,58
753,dark,dragon,True,generation-v,0,Base,False,3,3,blue,45,71,353,92,105,90,125,90,98
754,bug,fire,True,generation-v,0,Base,False,1,2,white,45,43,63,55,85,55,50,55,60
755,bug,fire,True,generation-v,0,Base,False,2,2,white,15,63,101,85,60,65,135,105,100
756,steel,fighting,True,generation-v,1,Base,False,1,1,blue,3,83,551,91,90,129,90,72,108
757,rock,fighting,True,generation-v,1,Base,False,1,1,gray,3,75,573,91,129,90,72,90,108
758,grass,fighting,True,generation-v,1,Base,False,1,1,green,3,79,441,91,90,72,90,129,108
759,flying,,False,generation-v,1,Base,False,1,1,green,3,59,139,79,115,70,125,80,111
760,electric,flying,True,generation-v,1,Base,False,1,1,blue,3,59,134,79,115,70,125,80,111
761,dragon,fire,True,generation-v,1,Base,False,1,1,white,3,126,728,100,120,100,150,120,90
762,dragon,electric,True,generation-v,1,Base,False,1,1,black,3,114,761,100,150,120,120,100,90
763,ground,flying,True,generation-v,1,Base,False,1,1,brown,3,59,150,89,125,90,115,80,101
764,dragon,ice,True,generation-v,1,Base,False,1,1,gray,3,118,717,125,130,90,130,90,95
765,dragon,ice,True,generation-v,1,Black,True,1,1,gray,3,130,717,125,170,100,120,90,95
766,dragon,ice,True,generation-v,1,White,True,1,1,gray,3,142,717,125,120,90,170,100,95
767,water,fighting,True,generation-v,1,Base,False,1,1,yellow,3,55,107,91,72,90,129,90,108
768,normal,psychic,True,generation-v,1,Base,False,1,1,white,3,24,14,100,77,77,128,128,90
769,normal,fighting,True,generation-v,1,Pirouette,True,1,1,white,3,24,14,100,128,90,77,77,128
770,bug,steel,True,generation-v,1,Base,False,1,1,purple,3,59,182,71,120,95,120,95,99
771,grass,,False,generation-vi,0,Base,False,1,3,green,45,16,20,56,61,65,48,45,38
772,grass,,False,generation-vi,0,Base,False,2,3,green,45,28,64,61,78,95,56,58,57
773,grass,fighting,True,generation-vi,0,Base,False,3,3,green,45,63,198,88,107,122,74,75,64
774,fire,,False,generation-vi,0,Base,False,1,3,red,45,16,21,40,45,40,62,60,60
775,fire,,False,generation-vi,0,Base,False,2,3,red,45,39,32,59,59,58,90,70,73
776,fire,psychic,True,generation-vi,0,Base,False,3,3,red,45,59,86,75,69,72,114,100,104
777,water,,False,generation-vi,0,Base,False,1,3,blue,45,12,15,41,56,40,62,44,71
778,water,,False,generation-vi,0,Base,False,2,3,blue,45,24,24,54,63,52,83,56,97
779,water,dark,True,generation-vi,0,Base,False,3,3,blue,45,59,88,72,95,67,103,71,122
780,water,dark,True,generation-vi,0,Ash,True,3,3,blue,45,59,88,72,145,67,153,71,132
781,normal,,False,generation-vi,0,Base,False,1,2,brown,255,16,11,38,36,38,32,36,57
782,normal,ground,True,generation-vi,0,Base,False,2,2,brown,127,39,93,85,56,77,50,77,78
783,normal,flying,True,generation-vi,0,Base,False,1,3,red,255,12,4,45,50,43,40,38,62
784,fire,flying,True,generation-vi,0,Base,False,2,3,red,120,28,35,62,73,55,56,52,84
785,fire,flying,True,generation-vi,0,Base,False,3,3,red,45,47,54,78,81,71,74,69,126
786,bug,,False,generation-vi,0,Base,False,1,3,black,255,12,6,38,35,40,27,25,35
787,bug,,False,generation-vi,0,Base,False,2,3,black,120,12,19,45,22,60,27,30,29
788,bug,flying,True,generation-vi,0,Base,False,3,3,white,45,47,37,80,52,50,90,50,89
789,fire,normal,True,generation-vi,0,Base,False,1,2,brown,220,24,30,62,50,58,73,54,72
790,fire,normal,True,generation-vi,0,Base,False,2,2,brown,65,59,180,86,68,72,109,66,106
791,fairy,,False,generation-vi,0,Base,False,1,3,white,225,4,0,44,38,39,61,79,42
792,fairy,,False,generation-vi,0,Base,False,2,3,white,120,8,2,54,45,47,75,98,52
793,fairy,,False,generation-vi,0,Eternal,True,2,3,white,120,8,2,74,65,67,125,128,92
794,fairy,,False,generation-vi,0,Base,False,3,3,white,45,43,22,78,65,68,112,154,75
795,grass,,False,generation-vi,0,Base,False,1,2,brown,200,35,68,66,65,48,62,57,52
796,grass,,False,generation-vi,0,Base,False,2,2,brown,45,67,201,123,100,62,97,81,68
797,fighting,,False,generation-vi,0,Base,False,1,2,white,220,24,18,67,82,62,46,48,43
798,fighting,dark,True,generation-vi,0,Base,False,2,2,white,65,83,300,95,124,78,69,71,58
799,normal,,False,generation-vi,0,Base,False,1,1,white,160,47,62,75,80,60,65,90,102
800,psychic,,False,generation-vi,0,Base,False,1,2,gray,190,12,8,62,48,54,63,60,68
801,psychic,,False,generation-vi,0,Base,False,2,2,blue,75,24,19,74,48,76,83,81,104
802,steel,ghost,True,generation-vi,0,Base,False,1,3,brown,180,31,4,45,80,100,35,37,28
803,steel,ghost,True,generation-vi,0,Base,False,2,3,brown,90,31,10,59,110,150,45,49,35
804,steel,ghost,True,generation-vi,0,Base,False,3,3,brown,45,67,117,60,50,140,50,140,60
805,fairy,,False,generation-vi,0,Base,False,1,2,pink,200,8,1,78,52,60,63,65,23
806,fairy,,False,generation-vi,0,Base,False,2,2,pink,140,31,34,101,72,72,99,89,29
807,fairy,,False,generation-vi,0,Base,False,1,2,white,200,16,8,62,48,66,59,57,49
808,fairy,,False,generation-vi,0,Base,False,2,2,white,140,31,11,82,80,86,85,75,72
809,dark,psychic,True,generation-vi,0,Base,False,1,2,blue,190,16,8,53,54,53,37,46,45
810,dark,psychic,True,generation-vi,0,Base,False,2,2,blue,80,59,104,86,92,88,68,75,73
811,rock,water,True,generation-vi,0,Base,False,1,2,brown,120,20,68,42,52,67,39,56,50
812,rock,water,True,generation-vi,0,Base,False,2,2,brown,45,51,212,72,105,115,54,86,68
813,poison,water,True,generation-vi,0,Base,False,1,2,brown,225,20,16,50,60,60,60,60,30
814,poison,dragon,True,generation-vi,0,Base,False,2,2,brown,55,71,180,65,75,90,97,123,44
815,water,,False,generation-vi,0,Base,False,1,2,blue,225,20,18,50,53,62,58,63,44
816,water,,False,generation-vi,0,Base,False,2,2,blue,55,51,78,71,73,88,120,89,59
817,electric,normal,True,generation-vi,0,Base,False,1,2,yellow,190,20,13,44,38,33,61,43,70
818,electric,normal,True,generation-vi,0,Base,False,2,2,yellow,75,39,46,62,55,52,109,94,109
819,rock,dragon,True,generation-vi,0,Base,False,1,2,brown,45,31,57,58,89,77,45,45,48
820,rock,dragon,True,generation-vi,0,Base,False,2,2,red,45,98,595,82,121,119,69,59,71
821,rock,ice,True,generation-vi,0,Base,False,1,2,blue,45,51,56,77,59,50,67,63,46
822,rock,ice,True,generation-vi,0,Base,False,2,2,blue,45,106,496,123,77,72,99,92,58
823,fairy,,False,generation-vi,0,Base,False,2,2,pink,45,39,52,95,65,65,110,130,60
824,fighting,flying,True,generation-vi,0,Base,False,1,1,green,100,31,47,78,92,75,74,63,118
825,electric,fairy,True,generation-vi,0,Base,False,1,1,yellow,180,8,5,67,58,57,81,67,101
826,rock,fairy,True,generation-vi,0,Base,False,1,1,gray,60,12,13,50,50,150,50,150,50
827,dragon,,False,generation-vi,0,Base,False,1,3,purple,45,12,6,45,50,35,55,75,40
828,dragon,,False,generation-vi,0,Base,False,2,3,purple,45,31,39,68,75,53,83,113,60
829,steel,dragon,True,generation-vi,0,Hisuian,True,2,3,purple,45,28,151,58,75,83,83,113,40
830,dragon,,False,generation-vi,0,Base,False,3,3,purple,45,79,332,90,100,70,110,150,80
831,steel,dragon,True,generation-vi,0,Hisuian,True,3,3,purple,45,67,737,80,100,100,110,150,60
832,steel,fairy,True,generation-vi,0,Base,False,1,1,gray,75,8,7,57,80,91,80,87,75
833,ghost,grass,True,generation-vi,0,Base,False,1,2,brown,120,16,15,43,70,48,50,60,38
834,ghost,grass,True,generation-vi,0,Base,False,2,2,brown,60,59,157,85,110,76,65,82,56
835,ghost,grass,True,generation-vi,0,Base,False,1,2,brown,120,16,11,49,66,70,44,55,51
836,ghost,grass,True,generation-vi,0,Base,False,2,2,brown,60,35,28,65,90,122,58,75,84
837,ice,,False,generation-vi,0,Base,False,1,2,blue,190,39,219,55,69,85,32,35,28
838,ice,,False,generation-vi,0,Base,False,2,2,blue,55,79,1113,95,117,184,44,46,28
839,ice,rock,True,generation-vi,0,Hisuian,True,2,2,blue,55,55,578,95,127,184,34,36,38
840,flying,dragon,True,generation-vi,0,Base,False,1,2,purple,190,20,18,40,30,35,45,40,55
841,flying,dragon,True,generation-vi,0,Base,False,2,2,purple,45,59,187,85,70,80,97,80,123
842,fairy,,False,generation-vi,1,Base,False,1,1,blue,45,118,474,126,131,95,131,98,99
843,dark,flying,True,generation-vi,1,Base,False,1,1,red,45,228,448,126,131,95,131,98,99
844,dragon,ground,True,generation-vi,1,Base,False,1,1,green,3,197,672,108,100,121,81,95,95
845,dragon,ground,True,generation-vi,1,10-power-construct,True,1,1,green,3,47,74,54,100,71,61,85,115
846,dragon,ground,True,generation-vi,1,Complete,True,1,1,green,3,177,1345,216,100,121,91,95,85
847,dragon,ground,True,generation-vi,1,10,True,1,1,green,3,47,74,54,100,71,61,85,115
848,rock,fairy,True,generation-vi,1,Base,False,1,1,pink,3,28,19,50,100,150,100,150,50
850,psychic,ghost,True,generation-vi,1,Base,False,1,1,purple,3,20,20,80,110,60,150,130,70
851,psychic,dark,True,generation-vi,1,Unbound,True,1,1,purple,3,256,1080,80,160,60,170,130,80
852,fire,water,True,generation-vi,1,Base,False,1,1,brown,3,67,430,80,110,120,130,90,70
853,grass,flying,True,generation-vii,0,Base,False,1,3,brown,45,12,3,68,55,55,50,50,42
854,grass,flying,True,generation-vii,0,Base,False,2,3,brown,45,28,35,78,75,75,70,70,52
855,grass,ghost,True,generation-vii,0,Base,False,3,3,brown,45,63,81,78,107,75,100,100,70
856,grass,fighting,True,generation-vii,0,Hisuian,True,3,3,brown,45,63,82,88,112,80,95,95,60
857,fire,,False,generation-vii,0,Base,False,1,3,red,45,16,9,45,65,40,60,40,70
858,fire,,False,generation-vii,0,Base,False,2,3,red,45,28,55,65,85,50,80,50,90
859,fire,dark,True,generation-vii,0,Base,False,3,3,red,45,71,183,95,115,90,80,90,60
860,water,,False,generation-vii,0,Base,False,1,3,blue,45,16,17,50,54,54,66,56,40
861,water,,False,generation-vii,0,Base,False,2,3,blue,45,24,39,60,69,69,91,81,50
862,water,fairy,True,generation-vii,0,Base,False,3,3,blue,45,71,97,80,74,74,126,116,60
863,normal,flying,True,generation-vii,0,Base,False,1,3,black,255,12,3,35,75,30,30,30,65
864,normal,flying,True,generation-vii,0,Base,False,2,3,black,120,24,33,55,85,50,40,50,75
865,normal,flying,True,generation-vii,0,Base,False,3,3,black,45,43,57,80,120,75,75,75,60
866,normal,,False,generation-vii,0,Base,False,1,2,brown,255,16,13,48,70,30,30,30,45
867,normal,,False,generation-vii,0,Base,False,2,2,brown,127,28,31,88,110,60,55,60,45
868,bug,,False,generation-vii,0,Base,False,1,3,gray,255,16,10,47,62,45,55,45,46
869,bug,electric,True,generation-vii,0,Base,False,2,3,green,120,20,23,57,82,95,55,75,36
870,bug,electric,True,generation-vii,0,Base,False,3,3,blue,45,59,99,77,70,90,145,75,43
871,fighting,,False,generation-vii,0,Base,False,1,2,purple,225,24,15,47,82,57,42,47,63
872,fighting,ice,True,generation-vii,0,Base,False,2,2,white,60,67,397,97,132,77,62,67,43
873,fire,flying,True,generation-vii,0,Base,False,1,1,red,45,24,7,75,70,70,98,70,93
874,electric,flying,True,generation-vii,0,Pom-pom,True,1,1,red,45,24,7,75,70,70,98,70,93
875,psychic,flying,True,generation-vii,0,Pau,True,1,1,red,45,24,7,75,70,70,98,70,93
876,ghost,flying,True,generation-vii,0,Sensu,True,1,1,red,45,24,7,75,70,70,98,70,93
877,bug,fairy,True,generation-vii,0,Base,False,1,2,yellow,190,4,0,40,45,40,55,40,84
878,bug,fairy,True,generation-vii,0,Base,False,2,2,yellow,75,8,1,60,55,60,95,70,124
879,rock,,False,generation-vii,0,Base,False,1,2,brown,190,20,20,45,65,40,30,40,60
880,rock,,False,generation-vii,0,Base,False,2,2,brown,90,31,55,75,115,65,55,65,112
881,water,,False,generation-vii,0,Base,False,1,1,blue,60,8,1,45,20,20,25,25,40
882,water,,False,generation-vii,0,School,True,1,1,blue,60,323,173,45,140,130,140,135,30
883,poison,water,True,generation-vii,0,Base,False,1,2,blue,190,16,18,50,53,62,43,52,45
884,poison,water,True,generation-vii,0,Base,False,2,2,blue,75,28,32,50,63,152,53,142,35
885,ground,,False,generation-vii,0,Base,False,1,2,brown,190,39,243,70,100,70,45,55,45
886,ground,,False,generation-vii,0,Base,False,2,2,brown,60,98,2028,100,125,100,55,85,35
887,water,bug,True,generation-vii,0,Base,False,1,2,green,200,12,9,38,40,52,40,72,27
888,water,bug,True,generation-vii,0,Base,False,2,2,green,100,71,181,68,70,92,50,132,42
889,grass,,False,generation-vii,0,Base,False,1,2,pink,190,12,3,40,55,35,50,35,35
890,grass,,False,generation-vii,0,Base,False,2,2,pink,75,35,41,70,105,90,80,90,45
891,grass,fairy,True,generation-vii,0,Base,False,1,2,purple,190,8,3,40,35,55,65,75,15
892,grass,fairy,True,generation-vii,0,Base,False,2,2,purple,75,39,25,60,45,80,90,100,30
893,poison,fire,True,generation-vii,0,Base,False,1,2,black,120,24,11,48,44,40,71,40,77
894,poison,fire,True,generation-vii,0,Base,False,2,2,black,45,47,49,68,64,60,111,60,117
895,normal,fighting,True,generation-vii,0,Base,False,1,2,pink,140,20,15,70,75,50,45,50,50
896,normal,fighting,True,generation-vii,0,Base,False,2,2,pink,70,83,298,120,125,80,55,60,60
897,grass,,False,generation-vii,0,Base,False,1,3,purple,235,12,7,42,30,38,30,38,32
898,grass,,False,generation-vii,0,Base,False,2,3,purple,120,28,18,52,40,48,40,48,62
899,grass,,False,generation-vii,0,Base,False,3,3,purple,45,47,47,72,120,98,50,98,72
900,fairy,,False,generation-vii,0,Base,False,1,1,green,60,4,1,51,52,90,82,110,100
901,normal,psychic,True,generation-vii,0,Base,False,1,1,white,45,59,168,90,60,80,90,110,60
902,fighting,,False,generation-vii,0,Base,False,1,1,white,45,79,183,100,120,90,40,60,80
903,bug,water,True,generation-vii,0,Base,False,1,2,gray,90,20,26,25,35,40,20,30,80
904,bug,water,True,generation-vii,0,Base,False,2,2,gray,45,79,238,75,125,140,60,90,40
905,ghost,ground,True,generation-vii,0,Base,False,1,2,brown,140,20,154,55,55,80,70,45,15
906,ghost,ground,True,generation-vii,0,Base,False,2,2,brown,60,51,551,85,75,110,100,75,35
907,water,,False,generation-vii,0,Base,False,1,1,black,60,12,3,55,60,130,30,130,5
908,normal,,False,generation-vii,0,Base,False,1,2,gray,3,75,266,95,95,95,95,95,59
909,normal,,False,generation-vii,1,Base,False,2,2,gray,3,91,222,95,95,95,95,95,95
910,rock,flying,True,generation-vii,0,Base,False,1,1,brown,30,12,88,60,60,100,60,100,60
911,rock,flying,True,generation-vii,0,Red,True,1,1,brown,30,12,1,60,100,60,100,60,120
912,rock,flying,True,generation-vii,0,Orange,True,1,1,brown,30,12,1,60,100,60,100,60,120
913,rock,flying,True,generation-vii,0,Yellow,True,1,1,brown,30,12,1,60,100,60,100,60,120
914,rock,flying,True,generation-vii,0,Green,True,1,1,brown,30,12,1,60,100,60,100,60,120
915,rock,flying,True,generation-vii,0,Blue,True,1,1,brown,30,12,1,60,100,60,100,60,120
916,rock,flying,True,generation-vii,0,Indigo,True,1,1,brown,30,12,1,60,100,60,100,60,120
917,rock,flying,True,generation-vii,0,Violet,True,1,1,brown,30,12,1,60,100,60,100,60,120
918,normal,,False,generation-vii,0,Base,False,1,1,blue,45,16,44,65,115,65,75,95,65
919,fire,dragon,True,generation-vii,0,Base,False,1,1,red,70,79,467,60,78,135,91,85,36
920,electric,steel,True,generation-vii,0,Base,False,1,1,gray,180,12,7,65,98,63,40,73,96
921,ghost,fairy,True,generation-vii,0,Base,False,1,1,yellow,45,8,2,55,90,80,50,105,96
922,water,psychic,True,generation-vii,0,Base,False,1,1,pink,80,35,42,68,105,70,70,70,92
923,normal,dragon,True,generation-vii,0,Base,False,1,1,white,70,118,408,78,60,85,135,91,36
924,ghost,grass,True,generation-vii,0,Base,False,1,1,green,25,154,463,70,131,100,86,90,40
925,dragon,,False,generation-vii,0,Base,False,1,3,gray,45,24,65,45,55,65,45,45,45
926,dragon,fighting,True,generation-vii,0,Base,False,2,3,gray,45,47,104,55,75,90,65,70,65
927,dragon,fighting,True,generation-vii,0,Base,False,3,3,gray,45,63,172,75,110,125,100,105,85
928,electric,fairy,True,generation-vii,1,Base,False,1,1,yellow,3,71,45,70,115,85,95,75,130
929,psychic,fairy,True,generation-vii,1,Base,False,1,1,pink,3,47,41,70,85,75,130,115,95
930,grass,fairy,True,generation-vii,1,Base,False,1,1,red,3,75,100,70,130,115,85,95,75
931,water,fairy,True,generation-vii,1,Base,False,1,1,purple,3,51,47,70,75,115,95,130,85
932,psychic,,False,generation-vii,1,Base,False,1,3,blue,45,8,0,43,29,31,29,31,37
933,psychic,,False,generation-vii,1,Base,False,2,3,blue,45,4,2204,43,29,131,29,131,37
934,psychic,steel,True,generation-vii,1,Base,False,3,3,white,45,134,507,137,137,107,113,89,97
935,psychic,ghost,True,generation-vii,1,Base,False,3,3,purple,45,157,265,137,113,89,137,107,97
936,rock,poison,True,generation-vii,1,Base,False,1,1,white,45,47,122,109,53,47,127,131,103
937,bug,fighting,True,generation-vii,1,Base,False,1,1,red,45,94,735,107,139,139,53,53,79
938,bug,fighting,True,generation-vii,1,Base,False,1,1,white,45,71,55,71,137,37,137,37,151
939,electric,,False,generation-vii,1,Base,False,1,1,black,45,150,220,83,89,71,173,71,83
940,steel,flying,True,generation-vii,1,Base,False,1,1,green,45,362,2204,97,101,103,107,101,61
941,grass,steel,True,generation-vii,1,Base,False,1,1,white,45,12,0,59,181,131,59,31,109
942,dark,dragon,True,generation-vii,1,Base,False,1,1,black,45,217,1958,223,101,53,97,53,43
943,psychic,,False,generation-vii,1,Base,False,1,1,black,255,94,507,97,107,101,127,89,79
944,psychic,steel,True,generation-vii,1,Dusk,True,1,1,black,255,150,1014,97,157,127,113,109,77
945,psychic,ghost,True,generation-vii,1,Dawn,True,1,1,black,255,165,772,97,113,109,157,127,77
946,psychic,dragon,True,generation-vii,1,Ultra,True,1,1,black,255,295,507,97,167,97,167,97,129
947,steel,fairy,True,generation-vii,1,Base,False,1,1,gray,3,39,177,80,95,115,130,115,65
948,fighting,ghost,True,generation-vii,1,Base,False,1,1,gray,3,28,49,90,125,80,90,90,125
949,poison,,False,generation-vii,1,Base,False,1,2,purple,45,24,4,67,73,67,73,67,73
950,poison,dragon,True,generation-vii,1,Base,False,2,2,purple,45,142,331,73,73,73,127,73,121
951,rock,steel,True,generation-vii,1,Base,False,1,1,gray,30,217,1808,61,131,211,53,101,13
952,fire,ghost,True,generation-vii,1,Base,False,1,1,white,30,71,29,53,127,53,151,79,107
953,electric,,False,generation-vii,1,Base,False,1,1,yellow,3,59,98,88,112,75,102,80,143
954,steel,,False,generation-vii,1,Base,False,1,1,gray,3,8,18,46,65,65,55,35,34
955,steel,,False,generation-vii,1,Base,False,1,1,gray,3,98,1764,135,143,143,80,65,34
956,grass,,False,generation-viii,0,Base,False,1,3,green,45,12,11,50,65,50,40,40,65
957,grass,,False,generation-viii,0,Base,False,2,3,green,45,28,31,70,85,70,55,60,80
958,grass,,False,generation-viii,0,Base,False,3,3,green,45,83,198,100,125,90,60,70,85
959,fire,,False,generation-viii,0,Base,False,1,3,white,45,12,10,50,71,40,40,40,69
960,fire,,False,generation-viii,0,Base,False,2,3,gray,45,24,20,65,86,60,55,60,94
961,fire,,False,generation-viii,0,Base,False,3,3,white,45,55,73,80,116,75,65,75,119
962,water,,False,generation-viii,0,Base,False,1,3,blue,45,12,9,50,40,40,70,40,70
963,water,,False,generation-viii,0,Base,False,2,3,blue,45,28,25,65,60,55,95,55,90
964,water,,False,generation-viii,0,Base,False,3,3,blue,45,75,100,70,85,65,125,65,120
965,normal,,False,generation-viii,0,Base,False,1,2,brown,255,12,6,70,55,55,35,35,25
966,normal,,False,generation-viii,0,Base,False,2,2,brown,90,24,13,120,95,95,55,75,20
967,flying,,False,generation-viii,0,Base,False,1,3,blue,255,8,4,38,47,35,33,35,57
968,flying,,False,generation-viii,0,Base,False,2,3,blue,120,31,35,68,67,55,43,55,77
969,flying,steel,True,generation-viii,0,Base,False,3,3,purple,45,87,165,98,87,105,53,85,67
970,bug,,False,generation-viii,0,Base,False,1,3,blue,255,16,18,25,20,20,25,45,45
971,bug,psychic,True,generation-viii,0,Base,False,2,3,yellow,120,16,43,50,35,80,50,90,30
972,bug,psychic,True,generation-viii,0,Base,False,3,3,red,45,16,90,60,45,110,80,120,90
973,dark,,False,generation-viii,0,Base,False,1,2,brown,255,24,20,40,28,28,47,52,50
974,dark,,False,generation-viii,0,Base,False,2,2,brown,127,47,44,70,58,58,87,92,90
975,grass,,False,generation-viii,0,Base,False,1,2,green,190,16,5,40,40,60,40,60,10
976,grass,,False,generation-viii,0,Base,False,2,2,green,75,20,6,60,50,90,80,120,60
977,normal,,False,generation-viii,0,Base,False,1,2,white,255,24,13,42,40,55,40,45,48
978,normal,,False,generation-viii,0,Base,False,2,2,white,127,51,95,72,80,100,60,90,88
979,water,,False,generation-viii,0,Base,False,1,2,green,255,12,19,50,64,50,38,38,44
980,water,rock,True,generation-viii,0,Base,False,2,2,green,75,39,255,90,115,90,48,68,74
981,electric,,False,generation-viii,0,Base,False,1,2,yellow,255,12,30,59,45,50,40,50,26
982,electric,,False,generation-viii,0,Base,False,2,2,yellow,45,39,75,69,90,60,90,60,121
983,rock,,False,generation-viii,0,Base,False,1,3,black,255,12,26,30,40,50,40,50,30
984,rock,fire,True,generation-viii,0,Base,False,2,3,black,120,43,172,80,60,90,60,70,50
985,rock,fire,True,generation-viii,0,Base,False,3,3,black,45,110,685,110,80,120,80,90,30
986,grass,dragon,True,generation-viii,0,Base,False,1,3,green,255,8,1,40,40,80,40,40,20
987,grass,dragon,True,generation-viii,0,Base,False,2,3,green,45,12,2,70,110,80,95,60,70
988,grass,dragon,True,generation-viii,0,Base,False,2,3,green,45,16,29,110,85,80,100,80,30
989,ground,,False,generation-viii,0,Base,False,1,2,green,255,87,17,52,57,75,35,50,46
990,ground,,False,generation-viii,0,Base,False,2,2,green,120,150,144,72,107,125,65,70,71
991,flying,water,True,generation-viii,0,Base,False,1,1,blue,45,31,40,70,85,55,85,95,85
992,water,,False,generation-viii,0,Base,False,1,2,brown,255,20,2,41,63,40,40,30,66
993,water,,False,generation-viii,0,Base,False,2,2,brown,60,51,66,61,123,60,60,50,136
994,electric,poison,True,generation-viii,0,Base,False,1,2,purple,75,16,24,40,38,35,54,35,40
995,electric,poison,True,generation-viii,0,Base,False,2,2,purple,45,63,88,75,98,70,114,70,75
996,fire,bug,True,generation-viii,0,Base,False,1,2,red,190,28,2,50,65,45,50,50,45
997,fire,bug,True,generation-viii,0,Base,False,2,2,red,75,118,265,100,115,65,90,90,65
998,fighting,,False,generation-viii,0,Base,False,1,2,brown,180,24,9,50,68,60,50,50,32
999,fighting,,False,generation-viii,0,Base,False,2,2,blue,45,63,86,80,118,90,70,80,42
1000,ghost,,False,generation-viii,0,Base,False,1,2,purple,120,4,0,40,45,45,74,54,50
1001,ghost,,False,generation-viii,0,Base,False,2,2,purple,60,8,1,60,65,65,134,114,70
1002,psychic,,False,generation-viii,0,Base,False,1,3,pink,235,16,7,42,30,45,56,53,39
1003,psychic,,False,generation-viii,0,Base,False,2,3,pink,120,24,11,57,40,65,86,73,49
1004,psychic,fairy,True,generation-viii,0,Base,False,3,3,pink,45,83,11,57,90,95,136,103,29
1005,dark,fairy,True,generation-viii,0,Base,False,1,3,pink,255,16,12,45,45,30,55,40,50
1006,dark,fairy,True,generation-viii,0,Base,False,2,3,pink,120,31,28,65,60,45,75,55,70
1007,dark,fairy,True,generation-viii,0,Base,False,3,3,purple,45,59,134,95,120,65,95,75,60
1008,dark,normal,True,generation-viii,0,Base,False,3,3,gray,45,63,101,93,90,101,60,81,95
1009,steel,,False,generation-viii,0,Base,False,2,2,brown,90,31,62,70,110,100,50,60,50
1010,ghost,,False,generation-viii,0,Base,False,2,2,white,30,39,1,60,95,50,145,130,30
1011,fighting,,False,generation-viii,0,Base,False,2,2,white,45,31,258,62,135,95,68,82,65
1012,ice,psychic,True,generation-viii,0,Base,False,3,3,purple,45,59,128,80,85,75,110,100,70
1013,ground,ghost,True,generation-viii,0,Base,False,2,2,gray,90,63,147,58,95,145,50,105,30
1014,fairy,,False,generation-viii,0,Base,False,1,2,white,200,8,1,45,40,40,50,61,34
1015,fairy,,False,generation-viii,0,Base,False,2,2,white,100,12,1,65,60,75,110,121,64
1016,fighting,,False,generation-viii,0,Base,False,1,1,yellow,45,118,137,65,100,100,70,60,75
1017,electric,,False,generation-viii,0,Base,False,1,1,purple,75,12,2,48,101,95,91,85,15
1018,ice,bug,True,generation-viii,0,Base,False,1,2,white,190,12,8,30,25,35,45,30,20
1019,ice,bug,True,generation-viii,0,Base,False,2,2,white,75,51,93,70,65,60,125,90,65
1020,rock,,False,generation-viii,0,Base,False,1,1,gray,60,98,1146,100,125,135,20,20,70
1021,ice,,False,generation-viii,0,Base,False,1,1,blue,60,55,196,75,80,110,65,90,50
1022,psychic,normal,True,generation-viii,0,Base,False,1,1,purple,30,35,62,60,65,55,105,95,95
1023,electric,dark,True,generation-viii,0,Base,False,1,1,yellow,180,12,7,58,95,58,70,58,97
1024,steel,,False,generation-viii,0,Base,False,1,2,yellow,190,47,220,72,80,49,40,49,40
1025,steel,,False,generation-viii,0,Base,False,2,2,green,90,118,1433,122,130,69,80,69,30
1026,electric,dragon,True,generation-viii,0,Base,False,1,1,green,45,71,419,90,100,90,80,70,75
1027,electric,ice,True,generation-viii,0,Base,False,1,1,blue,45,91,331,90,100,90,90,80,55
1028,water,dragon,True,generation-viii,0,Base,False,1,1,green,45,91,474,90,90,100,70,80,75
1029,water,ice,True,generation-viii,0,Base,False,1,1,blue,45,79,386,90,90,100,80,90,55
1030,steel,dragon,True,generation-viii,0,Base,False,1,2,white,45,71,88,70,95,115,120,50,85
1031,dragon,ghost,True,generation-viii,0,Base,False,1,3,green,45,20,4,28,60,30,40,30,82
1032,dragon,ghost,True,generation-viii,0,Base,False,2,3,green,45,55,24,68,80,50,60,50,102
1033,dragon,ghost,True,generation-viii,0,Base,False,3,3,green,45,118,110,88,120,75,100,75,142
1034,fairy,,False,generation-viii,1,Base,False,1,1,blue,10,110,243,92,120,115,80,115,138
1035,fairy,steel,True,generation-viii,1,Crowned,True,1,1,blue,10,110,783,92,150,115,80,115,148
1036,fighting,,False,generation-viii,1,Base,False,1,1,red,10,114,463,92,120,115,80,115,138
1037,fighting,steel,True,generation-viii,1,Crowned,True,1,1,red,10,114,1731,92,120,140,80,140,128
1038,poison,dragon,True,generation-viii,1,Base,False,1,1,purple,255,787,2094,140,85,95,145,95,130
1039,fighting,,False,generation-viii,1,Base,False,1,2,gray,3,24,26,60,90,60,53,50,72
1040,fighting,dark,True,generation-viii,1,Base,False,2,2,gray,3,75,231,100,130,100,63,60,97
1041,fighting,water,True,generation-viii,1,Rapid-strike,True,2,2,gray,3,75,231,100,130,100,63,60,97
1042,dark,grass,True,generation-viii,1,Base,False,1,1,green,3,71,154,105,120,105,70,95,105
1043,electric,,False,generation-viii,1,Base,False,1,1,yellow,3,47,320,80,100,50,100,50,200
1044,dragon,,False,generation-viii,1,Base,False,1,1,green,3,83,441,200,100,50,100,50,80
1045,ice,,False,generation-viii,1,Base,False,1,1,white,3,87,1764,100,145,130,65,110,30
1046,ghost,,False,generation-viii,1,Base,False,1,1,black,3,79,98,100,65,60,145,80,130
1047,psychic,grass,True,generation-viii,1,Base,False,1,1,green,3,43,17,100,80,80,80,80,80
1048,psychic,ice,True,generation-viii,1,Ice,True,1,1,green,3,94,1784,100,165,150,85,130,50
1049,psychic,ghost,True,generation-viii,1,Shadow,True,1,1,green,3,94,118,100,85,80,165,100,150
1050,normal,psychic,True,generation-viii,0,Base,False,2,2,gray,135,71,210,103,105,72,105,75,65
1051,bug,rock,True,generation-viii,0,Base,False,2,2,brown,115,71,196,70,135,95,45,70,85
1052,ground,normal,True,generation-viii,0,Base,False,3,3,brown,75,94,639,130,140,105,45,80,50
1053,ground,normal,True,generation-viii,0,Bloodmoon,True,3,3,brown,75,94,639,113,70,120,135,65,52
1054,water,ghost,True,generation-viii,0,Base,False,2,2,green,135,118,243,120,112,65,80,75,78
1055,fighting,poison,True,generation-viii,0,Base,False,2,2,gray,135,51,95,80,130,60,40,80,120
1056,dark,poison,True,generation-viii,0,Base,False,2,2,black,135,98,133,85,115,95,65,65,85
1057,fairy,flying,True,generation-viii,1,Base,False,1,1,pink,3,63,106,74,115,70,135,80,106
1058,grass,,False,generation-ix,0,Base,False,1,3,green,45,16,9,40,61,54,45,45,65
1059,grass,,False,generation-ix,0,Base,False,2,3,green,45,35,27,61,80,63,60,63,83
1060,grass,dark,True,generation-ix,0,Base,False,3,3,green,45,59,69,76,110,70,81,70,123
1061,fire,,False,generation-ix,0,Base,False,1,3,red,45,16,22,67,45,59,63,40,36
1062,fire,,False,generation-ix,0,Base,False,2,3,red,45,39,68,81,55,78,90,58,49
1063,fire,ghost,True,generation-ix,0,Base,False,3,3,red,45,63,720,104,75,100,110,75,66
1064,water,,False,generation-ix,0,Base,False,1,3,white,45,20,13,55,65,45,50,45,50
1065,water,,False,generation-ix,0,Base,False,2,3,blue,45,47,47,70,85,65,65,60,65
1066,water,fighting,True,generation-ix,0,Base,False,3,3,blue,45,71,136,85,120,80,85,75,85
1067,normal,,False,generation-ix,0,Base,False,1,2,gray,255,20,22,54,45,40,35,45,35
1068,normal,,False,generation-ix,0,Base,False,2,2,gray,100,39,265,110,100,75,59,80,65
1069,bug,,False,generation-ix,0,Base,False,1,2,white,255,12,9,35,41,45,29,40,20
1070,bug,,False,generation-ix,0,Base,False,2,2,green,120,39,36,60,79,92,52,86,35
1071,bug,,False,generation-ix,0,Base,False,1,2,gray,190,8,2,33,46,40,21,25,45
1072,bug,dark,True,generation-ix,0,Base,False,2,2,gray,30,39,39,71,102,78,52,55,92
1073,electric,,False,generation-ix,0,Base,False,1,3,yellow,190,12,6,45,50,20,40,25,60
1074,electric,fighting,True,generation-ix,0,Base,False,2,3,yellow,80,16,14,60,75,40,50,40,85
1075,electric,fighting,True,generation-ix,0,Base,False,3,3,yellow,45,35,90,70,115,70,70,60,105
1076,normal,,False,generation-ix,0,Base,False,1,2,white,150,12,4,50,50,45,40,45,75
1077,normal,,False,generation-ix,0,Base,False,2,2,white,75,12,5,74,75,70,65,75,111
1078,fairy,,False,generation-ix,0,Base,False,1,2,yellow,190,12,24,37,55,70,30,55,65
1079,fairy,,False,generation-ix,0,Base,False,2,2,brown,90,20,33,57,80,115,50,80,95
1080,grass,normal,True,generation-ix,0,Base,False,1,3,green,255,12,14,41,35,45,58,51,30
1081,grass,normal,True,generation-ix,0,Base,False,2,3,green,120,24,26,52,53,60,78,78,33
1082,grass,normal,True,generation-ix,0,Base,False,3,3,green,45,55,106,78,69,90,125,109,39
1083,normal,flying,True,generation-ix,0,Base,False,1,1,green,190,24,5,82,96,51,45,51,92
1084,rock,,False,generation-ix,0,Base,False,1,3,brown,255,16,35,55,55,75,35,35,25
1085,rock,,False,generation-ix,0,Base,False,2,3,brown,120,24,231,60,60,100,35,65,35
1086,rock,,False,generation-ix,0,Base,False,3,3,brown,45,91,529,100,100,130,45,90,35
1087,fire,,False,generation-ix,0,Base,False,1,2,red,90,24,23,40,50,40,50,40,35
1088,fire,psychic,True,generation-ix,0,Base,False,2,2,red,25,59,187,85,60,100,125,80,75
1089,fire,ghost,True,generation-ix,0,Base,False,2,2,blue,25,63,137,75,125,80,60,100,85
1090,electric,,False,generation-ix,0,Base,False,1,2,yellow,190,12,1,61,31,41,59,35,45
1091,electric,,False,generation-ix,0,Base,False,2,2,green,50,47,249,109,64,91,103,83,45
1092,electric,flying,True,generation-ix,0,Base,False,1,2,black,180,16,8,40,40,35,55,40,70
1093,electric,flying,True,generation-ix,0,Base,False,2,2,yellow,90,55,85,70,70,60,105,60,125
1094,dark,,False,generation-ix,0,Base,False,1,2,brown,150,20,35,60,78,60,40,51,51
1095,dark,,False,generation-ix,0,Base,False,2,2,gray,75,43,134,80,120,90,60,70,85
1096,poison,normal,True,generation-ix,0,Base,False,1,2,gray,190,8,2,40,65,35,40,35,75
1097,poison,normal,True,generation-ix,0,Base,False,2,2,gray,90,28,60,63,95,65,80,72,110
1098,grass,ghost,True,generation-ix,0,Base,False,1,2,brown,190,24,1,40,65,30,45,35,60
1099,grass,ghost,True,generation-ix,0,Base,False,2,2,brown,45,47,13,55,115,70,80,70,90
1100,ground,grass,True,generation-ix,0,Base,False,1,2,yellow,190,35,73,40,40,35,50,100,70
1101,ground,grass,True,generation-ix,0,Base,False,2,2,black,90,75,128,80,70,65,80,120,100
1102,rock,,False,generation-ix,0,Base,False,1,1,red,120,51,174,70,100,115,35,55,75
1103,grass,,False,generation-ix,0,Base,False,1,2,green,190,12,7,50,62,40,62,40,50
1104,grass,fire,True,generation-ix,0,Base,False,2,2,green,75,35,33,65,108,65,108,65,75
1105,bug,,False,generation-ix,0,Base,False,1,2,brown,190,8,2,41,50,60,31,58,30
1106,bug,psychic,True,generation-ix,0,Base,False,2,2,green,45,12,8,75,50,85,115,100,45
1107,psychic,,False,generation-ix,0,Base,False,1,2,yellow,120,8,3,30,35,30,55,30,75
1108,psychic,,False,generation-ix,0,Base,False,2,2,yellow,60,75,198,95,60,60,101,60,105
1109,fairy,steel,True,generation-ix,0,Base,False,1,3,pink,190,16,20,50,45,45,35,64,58
1110,fairy,steel,True,generation-ix,0,Base,False,2,3,pink,90,28,130,65,55,55,45,82,78
1111,fairy,steel,True,generation-ix,0,Base,False,3,3,pink,45,28,249,85,75,77,70,105,94
1112,water,,False,generation-ix,0,Base,False,1,2,white,255,47,4,10,55,25,35,25,95
1113,water,,False,generation-ix,0,Base,False,2,2,red,50,47,12,35,100,50,50,70,120
1114,flying,dark,True,generation-ix,0,Base,False,1,1,white,25,59,95,70,103,85,60,85,82
1115,water,,False,generation-ix,0,Base,False,1,2,blue,200,51,133,70,45,40,45,40,75
1116,water,,False,generation-ix,0,Base,False,2,2,blue,45,51,133,100,70,72,53,62,100
1117,water,,False,generation-ix,0,Hero,True,2,2,blue,45,71,215,100,160,97,106,87,100
1118,steel,poison,True,generation-ix,0,Base,False,1,2,gray,190,39,77,45,70,63,30,45,47
1119,steel,poison,True,generation-ix,0,Base,False,2,2,gray,75,71,265,80,119,90,54,67,90
1120,dragon,normal,True,generation-ix,0,Base,False,1,1,green,190,63,139,70,95,65,85,65,121
1121,steel,,False,generation-ix,0,Base,False,1,1,pink,25,98,683,70,85,145,60,55,65
1122,rock,poison,True,generation-ix,0,Base,False,1,2,blue,70,28,18,48,35,42,105,60,60
1123,rock,poison,True,generation-ix,0,Base,False,2,2,blue,25,59,99,83,55,90,130,81,86
1124,ghost,,False,generation-ix,0,Base,False,1,2,white,120,24,77,50,61,60,30,55,34
1125,ghost,,False,generation-ix,0,Base,False,2,2,white,60,79,33,72,101,100,50,97,68
1126,flying,fighting,True,generation-ix,0,Base,False,1,1,pink,100,63,82,82,115,74,75,64,90
1127,ice,,False,generation-ix,0,Base,False,1,2,white,150,47,99,108,68,45,30,40,43
1128,ice,,False,generation-ix,0,Base,False,2,2,white,50,177,1543,170,113,65,45,55,73
1129,water,psychic,True,generation-ix,0,Base,False,1,1,gray,100,98,198,90,102,73,78,65,70
1130,water,,False,generation-ix,0,Base,False,1,1,blue,25,472,485,150,100,115,65,65,35
1131,dragon,water,True,generation-ix,0,Base,False,1,1,pink,100,12,18,68,50,60,120,95,82
1132,fighting,ghost,True,generation-ix,0,Base,False,3,3,gray,45,47,123,110,115,80,50,90,90
1133,poison,ground,True,generation-ix,0,Base,False,2,2,brown,90,71,492,130,75,60,45,100,20
1134,normal,psychic,True,generation-ix,0,Base,False,2,2,brown,45,126,353,120,90,70,110,70,60
1135,normal,,False,generation-ix,0,Base,False,2,2,yellow,45,142,86,125,100,80,85,75,55
1136,dark,steel,True,generation-ix,0,Base,False,3,3,black,25,79,265,100,135,120,60,85,50
1137,ground,fighting,True,generation-ix,1,Base,False,1,1,purple,30,87,705,115,131,131,53,53,87
1138,fairy,psychic,True,generation-ix,1,Base,False,1,1,pink,50,47,18,115,65,99,65,115,111
1139,grass,dark,True,generation-ix,1,Base,False,1,1,gray,50,47,46,111,127,99,79,99,55
1140,ghost,fairy,True,generation-ix,1,Base,False,1,1,gray,30,55,9,55,55,55,135,135,135
1141,bug,fighting,True,generation-ix,1,Base,False,1,1,red,30,126,203,85,135,79,85,105,81
1142,electric,ground,True,generation-ix,1,Base,False,1,1,gray,30,91,132,85,81,97,121,85,101
1143,ground,steel,True,generation-ix,1,Base,False,1,1,gray,30,35,529,90,112,120,72,70,106
1144,ice,water,True,generation-ix,1,Base,False,1,1,red,50,24,24,56,80,114,124,60,136
1145,fighting,electric,True,generation-ix,1,Base,False,1,1,gray,50,71,839,154,140,108,50,68,50
1146,dark,flying,True,generation-ix,1,Base,False,1,1,blue,30,51,245,94,80,86,122,80,108
1147,fire,poison,True,generation-ix,1,Base,False,1,1,yellow,30,47,79,80,70,60,140,110,110
1148,rock,electric,True,generation-ix,1,Base,False,1,1,green,30,63,668,100,134,110,70,84,72
1149,dragon,ice,True,generation-ix,0,Base,False,1,3,gray,45,20,37,65,75,45,35,45,55
1150,dragon,ice,True,generation-ix,0,Base,False,2,3,gray,25,31,66,90,95,66,45,65,62
1151,dragon,ice,True,generation-ix,0,Base,False,3,3,gray,10,83,463,115,145,92,75,86,87
1152,ghost,,False,generation-ix,0,Base,False,1,2,brown,45,12,11,45,30,70,75,70,10
1153,steel,ghost,True,generation-ix,0,Base,False,2,2,yellow,45,47,66,87,60,95,133,91,84
1154,dark,grass,True,generation-ix,1,Base,False,1,1,brown,6,59,164,85,85,100,95,135,70
1155,dark,ice,True,generation-ix,1,Base,False,1,1,white,6,75,336,80,120,80,90,65,135
1156,dark,ground,True,generation-ix,1,Base,False,1,1,brown,6,106,1543,155,110,125,55,80,45
1157,dark,fire,True,generation-ix,1,Base,False,1,1,red,6,16,11,55,80,80,135,120,100
1158,dragon,dark,True,generation-ix,1,Base,False,1,1,green,10,79,838,105,139,71,55,101,119
1159,fairy,fighting,True,generation-ix,1,Base,False,1,1,white,10,55,77,74,130,90,120,60,116
1160,fighting,dragon,True,generation-ix,1,Base,False,1,1,red,3,98,668,100,135,115,85,100,135
1161,electric,dragon,True,generation-ix,1,Base,False,1,1,blue,3,138,529,100,85,100,135,115,135
1162,water,dragon,True,generation-ix,1,Base,False,1,1,blue,5,138,617,99,83,91,125,83,109
1163,grass,psychic,True,generation-ix,1,Base,False,1,1,green,5,59,276,90,130,88,70,108,104
1164,grass,dragon,True,generation-ix,0,Base,False,2,3,green,45,16,21,80,80,110,95,80,40
1165,grass,ghost,True,generation-ix,0,Base,False,1,2,green,120,4,2,40,45,45,74,54,50
1166,grass,ghost,True,generation-ix,0,Base,False,2,2,green,60,8,5,71,60,106,121,80,70
1167,poison,fighting,True,generation-ix,1,Base,False,1,1,black,3,71,203,88,128,115,58,86,80
1168,poison,psychic,True,generation-ix,1,Base,False,1,1,black,3,39,27,88,75,66,130,90,106
1169,poison,fairy,True,generation-ix,1,Base,False,1,1,black,3,55,66,88,91,82,70,125,99
1170,grass,,False,generation-ix,1,Base,False,1,1,green,5,47,88,80,120,84,60,96,110
1171,grass,water,True,generation-ix,1,Wellspring-mask,True,1,1,green,5,47,88,80,120,84,60,96,110
1172,grass,fire,True,generation-ix,1,Hearthflame-mask,True,1,1,green,5,47,88,80,120,84,60,96,110
1173,grass,rock,True,generation-ix,1,Cornerstone-mask,True,1,1,green,5,47,88,80,120,84,60,96,110
1174,steel,dragon,True,generation-ix,0,Base,False,2,2,white,10,79,132,90,105,130,125,65,85
1175,grass,dragon,True,generation-ix,0,Base,False,3,3,green,10,71,205,106,80,110,120,80,44
1176,fire,dragon,True,generation-ix,0,Base,False,1,1,brown,10,138,1301,105,115,121,65,93,91
1177,electric,dragon,True,generation-ix,1,Base,False,1,1,yellow,10,205,1058,125,73,91,137,89,75
1178,rock,psychic,True,generation-ix,0,Base,False,1,1,gray,10,59,358,90,120,80,68,108,124
1179,steel,psychic,True,generation-ix,1,Base,False,1,1,blue,10,63,344,90,72,100,122,108,98
1180,normal,,False,generation-ix,1,Base,False,1,1,blue,255,8,14,90,65,85,65,85,60
1181,normal,,False,generation-ix,1,Terastal,True,1,1,blue,255,12,35,95,95,110,105,110,85
1182,normal,,False,generation-ix,1,Stellar,True,1,1,blue,255,67,170,160,105,110,130,110,85
1183,poison,ghost,True,generation-ix,1,Base,False,1,1,purple,3,12,1,88,88,160,88,88,88
